sqft,bedrooms,bathrooms,age,location_score,price
2116.9630694488624,4.0,1.9,3.036673470111264,5.840188980903682,216.5952543727327
1260.2423980049239,2.0,1.4,12.758847167269513,7.74975283829637,88.34056375382099
1822.8021415795795,1.0,1.0,20.319674730079132,4.361892128666764,100.052500685929
1469.023571955286,1.0,2.7,0.0,1.798192043046969,70.06026064978347
880.9790542561636,4.0,1.0,15.239742616361978,1.677833168865655,69.34873350619037
1435.3171264295934,3.0,1.1,14.422131765820016,3.421322988560651,128.687984705606
1684.055391819125,3.0,1.8,4.658111522023917,5.076006956336401,172.06308420053477
1570.2073363059444,4.0,3.0,16.27207072888326,6.550310988069566,229.29995889543812
1976.5880784130786,3.0,1.6,30.43103711825448,3.7717548699833676,199.09748681658627
1554.750309179764,3.0,1.2,9.948271993186507,5.538589505161468,123.46463952931664
1554.3188228313247,1.0,1.1,39.54917055974096,5.632716643072289,139.67902170357445
1735.0768994395821,1.0,3.0,9.820354080588451,2.152634726232154,60.87036703811421
1110.9504156132462,3.0,2.0,25.995319276289624,7.34694771497065,204.8194053008111
1729.824083515407,4.0,1.9,38.403998358264616,3.0032291216234173,206.98417620127975
1695.4173753917394,5.0,2.0,15.270961330394815,7.271131280361198,266.13134444644015
1178.6838961052854,5.0,1.8,30.203241581756743,5.8085895099233955,207.88666060326702
1456.5286262755706,1.0,2.0,13.310844292082598,3.5905431287782323,50.0
1507.616526162723,3.0,2.2,0.0,4.225738700420971,92.54840008286507
1259.9884306807062,3.0,1.0,19.047131380769674,2.3615056108024652,91.42442846052714
1595.934580242761,2.0,1.6,0.0,2.331949010163591,74.66004995046399
1637.3059758160657,2.0,1.0,0.0,1.0,50.0
1656.5824696850693,1.0,2.1,24.45477009849779,2.526098578243836,97.3412902195015
1322.293213304384,5.0,1.0,21.853215439333734,6.251016033662071,138.64523613638252
1662.272555568297,2.0,2.2,33.1425375078685,4.769551534895605,170.82278899909974
1298.2543211980992,3.0,3.0,23.349062538803913,3.948738132029231,158.50300440993345
1250.381608545043,5.0,1.0,11.748270755951916,4.193848021869939,161.6833196217268
1576.3262529903639,5.0,1.6,25.064039931128033,4.688645529215841,222.87344660287494
1345.5651975255773,3.0,1.0,23.65295306279517,5.776751458460336,137.3556035921031
1364.996142601256,1.0,2.1,38.85723825293859,4.167611190229492,130.921490260515
1701.2733744830625,1.0,1.5,29.056857804168413,1.622989623863,75.84748819379044
1295.4047256006604,3.0,1.7,4.975699851576268,1.0,61.13333033009084
1623.165025598285,3.0,2.0,16.533957838134796,4.799048558856589,173.46427963379668
1777.2081057620703,1.0,1.3,17.226467953355165,5.652266044484236,104.06203292721355
1562.2810054201877,5.0,1.0,24.615149801016706,4.72537806842224,160.49015315048325
1924.256186499327,4.0,2.8,26.710909056034634,5.610486253062706,241.89955019220207
1285.4088872220095,1.0,2.4,30.193966234020138,5.128560038190925,80.19778338362777
1673.393557091867,4.0,1.0,28.660452876599923,2.109589471175549,170.06328076241655
1762.9366936508807,1.0,1.0,0.0,5.060062958328165,50.0
1204.6035645458212,3.0,1.0,8.112148293271812,2.88982126364661,97.63428865292609
1445.565279225745,5.0,1.4,18.404944962030275,10.0,322.5374024333757
1716.8480684956537,5.0,1.5,21.676987373050824,9.776743985740877,262.1921168167271
967.129430130504,3.0,1.7,26.129792172210063,4.261445721507593,125.20864213295405
1637.1841213845723,3.0,2.0,41.8373348322015,3.5316524024430085,226.21311618344825
1079.218418460092,2.0,1.5,46.24365114780409,3.5960166243864893,126.2660740833885
1496.3733156461835,1.0,1.4,1.2140983338032143,8.022309860494694,50.0
1528.6032598323925,1.0,1.0,16.048276758766264,5.699300094599387,62.3306890655691
1056.4241262660476,5.0,1.0,37.15631064810394,5.471229116217132,138.51692025180114
1651.641047749988,4.0,2.1,35.90314861248319,3.0529076005910625,225.91722331356283
1703.6793870177835,5.0,2.8,17.945067658363126,4.431230700786982,263.77634498962965
1403.6271701646265,5.0,1.4,47.48835565218803,3.728884317191193,242.6705383308908
1212.168228982956,3.0,2.5,14.416898358934205,6.164195406937232,130.88274319381233
1300.3733105611618,5.0,1.7,30.828552281572122,2.005484709642711,180.0152582172766
1495.0731311781744,3.0,2.9,37.82589910172126,3.964777401927657,214.13826080178856
1264.870300324081,3.0,1.7,9.641884215256109,5.588448258026988,110.93389922682756
1767.7792014897927,1.0,1.0,1.8324210607882812,6.581251198325537,50.0
1288.4964432724773,4.0,1.0,19.16346383513441,8.345144773675408,144.17735758539777
1623.8996736413392,1.0,1.0,16.78898453408208,2.2949826211185553,63.52139368166431
1459.6509646794802,3.0,1.0,25.00789949852802,4.511839052651597,153.38514981578268
1224.3940465541716,4.0,1.9,13.739497795923734,3.147237740036923,115.63273221088724
1765.2136189083149,1.0,1.5,31.052658456386503,3.5055766417043532,65.87160739026785
1668.2758343823716,5.0,1.2,15.567795229562595,4.482407874665795,218.2341499912692
1801.8878427643322,2.0,1.5,11.346621957152768,3.2791732694320954,147.38231303365188
1362.8711230241183,5.0,1.5,10.966819094573292,8.544503193339487,244.8363984568311
1363.6356843769668,3.0,1.0,16.72020083847446,4.176353262072685,106.83692338858299
1515.5837657421898,4.0,1.4,30.98960115823369,4.925555526980316,211.8582336426657
1319.8083930243586,4.0,1.6,15.624593753100848,2.6980128451553944,116.36694988087265
2273.9128012962956,3.0,1.1,7.944881480454038,2.2603940408418444,148.19022857972317
1665.689981303857,1.0,1.0,29.384464004690013,6.696348425333336,160.33147375792876
1514.5564883834481,1.0,1.1,7.535748253834434,3.8152121515222617,58.13683298854261
1397.0423173507768,4.0,1.7,29.323578347840762,4.216702865156417,209.24052812744776
1016.1852386431045,4.0,3.0,12.921022013158499,1.2654696148165039,126.95090992211192
1277.2547302384849,5.0,1.5,12.720412469481975,7.0229260708167125,197.09102817054787
1209.0768841095978,1.0,1.7,21.658029762109102,2.8195831864011405,50.0
1560.3297140144903,3.0,1.8,35.75981594011418,9.80683117047655,213.50283594030225
1400.7632327017327,1.0,2.3,8.29701306323806,6.044285091867872,132.20579142016922
1600.2529251734693,1.0,1.6,17.67111426762877,5.515505080285501,107.7387789361697
731.2999023614068,1.0,1.1,17.134583560997463,4.542800169319963,50.0
1821.183167993756,5.0,1.0,9.055962952888857,6.711111318041424,247.03888105407276
1813.2482631207217,2.0,3.0,30.22837234439467,3.938262454159359,190.89714061918843
1604.5785359582942,1.0,1.9,18.122383574252538,7.1438597304235945,165.37923905155458
1359.6896396064326,5.0,1.0,25.197558225960737,2.4106370485581885,104.30396285643572
1597.337581305755,2.0,1.9,0.0,8.71329487312391,131.88556961591686
940.0380145918151,2.0,2.6,35.11270534755383,7.839206009027274,163.17868363852796
1056.3265293677614,4.0,1.0,22.750398796687335,3.9075111034950343,54.422066354376696
1851.8270535802335,1.0,1.3,29.981252355376682,5.092005494506548,123.4907728418101
1978.3515189674918,1.0,1.5,7.295579775225082,2.8074498262095964,91.13970274153498
1501.5340369927383,4.0,1.0,16.481192999372794,5.592240554129152,133.16459710349093
1911.854542402959,3.0,1.3,0.0,4.285109154379145,120.57376106694241
2280.5049342541183,3.0,1.7,28.482644684473165,8.404429889270476,302.3832518873619
1817.4354975261451,4.0,2.0,25.514297603145664,5.596316931981051,220.52113257271017
2066.306297202057,2.0,1.0,28.348296868006372,3.279229978440996,152.21016612838324
1488.4474591497878,5.0,2.8,17.410590500887707,4.0822314742621195,214.55080093938548
2006.1424905217696,1.0,1.0,33.224596354241754,3.7068542315149466,136.67701776214463
1577.9167505164446,3.0,1.0,6.4352506234338716,1.7449151242336747,97.218656334729
894.7983605632766,1.0,1.0,0.0,6.046446371474066,50.0
1320.7469415925075,2.0,1.9,41.33554792547761,6.566781018565191,195.6820227999346
994.9685423337149,3.0,2.6,7.911949002557169,3.875663946843396,95.80446890269735
1324.6146808028402,1.0,1.0,19.534116006936472,5.916773407102968,50.0
1795.296719542975,1.0,1.7,16.790167336617365,8.101000985628154,165.39968800446843
1950.2279371902932,2.0,1.1,32.753326131702394,1.886836202680498,159.79559554245
1571.7740592333448,1.0,1.0,51.111240046249605,6.495820512235068,118.09443509876431
1242.492665945636,3.0,3.0,30.50464819113487,5.9866358017617785,213.3229802097379
1983.6834773965936,5.0,2.6,39.72371680376071,4.725102970744616,253.93146301302653
1484.0679594909268,5.0,2.4,11.735272946926257,2.224262899088396,202.7455174207013
1514.080470618111,1.0,1.0,48.46650525118966,5.702959800704403,63.3849396239585
1498.0436054311626,3.0,2.0,28.981915843428652,2.724628659150367,153.92916828984002
1293.2436545731296,5.0,2.6,46.03945704747874,5.395199209384799,309.9553616946619
1730.651902790669,3.0,1.0,10.87660238832861,8.780881370311565,221.0825236187066
1670.6949237555825,2.0,2.8,44.42594934692807,8.355401628152881,232.50497264900483
1221.9905073458067,2.0,2.0,19.528412444378354,3.8851538937833574,94.5148539415369
927.5993588630078,1.0,2.1,14.104208644078986,6.165142637617611,127.83807810668802
1340.8496557168419,5.0,1.3,11.362726390329799,6.22833340008685,161.3570231554682
1636.060290454194,5.0,1.8,16.33765047064027,5.84384150847057,258.23716137955057
1409.0460651497174,3.0,1.3,31.99912852913075,4.301366407763605,175.32678205033093
1633.1458284438686,2.0,1.1,31.61951080144005,7.533822298373245,170.90598347231582
1015.9315806369777,1.0,1.4,42.06755491240413,8.423416960284687,120.15372683913807
1167.8529549592645,5.0,1.1,14.517410945221012,5.987309695286302,125.83023891043254
1116.9754272539071,4.0,1.8,3.7841518938760643,5.4153753743262225,71.76448144498681
1412.472410322439,5.0,2.3,19.102607847051445,4.426411528523461,171.49847522435667
1364.3729001500758,5.0,1.0,12.949367783607478,6.209030652710734,154.49016948220856
1580.3530913599,1.0,2.2,7.646975440612259,4.006936529036062,65.5912292039095
1461.1448259409678,4.0,2.5,28.697859279426982,7.083449328117703,219.43592061612514
1521.8041572988025,5.0,2.1,13.827602831567297,1.1812878249854144,149.5720477718513
1295.5859294791278,4.0,1.0,34.51739036037806,2.31985585775213,166.75950753692638
1642.609683207603,1.0,2.3,29.486813249634512,7.747828770422899,192.77572100151434
1708.5608700251998,5.0,1.0,24.25626535492252,6.514990298674971,231.29452435277864
1567.264921287238,2.0,2.0,30.71914685954927,5.3139459219368685,158.63095067422324
1733.8047011715996,5.0,1.0,19.41470720933684,3.306298067749271,213.67644535207216
1650.072140830971,3.0,1.0,11.995995403412497,5.645949007235337,148.3817612543015
1492.3277063424016,2.0,3.0,0.0,5.784831934357534,127.76269498066353
1817.2104916134676,5.0,1.9,33.08295500109467,6.67893700903681,344.6929544822784
2149.5007034703253,4.0,2.6,10.347226544297856,6.11246001880132,261.93469561996835
1550.4179417900461,4.0,1.0,5.072772772199308,6.042559810027629,124.82869613815912
1016.5297922691516,2.0,3.0,16.060107195257483,5.448469489070583,113.44557863649979
1751.3292664639766,4.0,1.0,9.811540202105673,3.9213899710734594,180.5012777551245
1416.0020094376562,4.0,2.2,0.8145389567032062,6.075259805899759,159.009838709166
597.7102980918728,1.0,1.1,28.567691093288133,7.1946003750874175,50.0
1449.5568544245632,2.0,1.1,12.91864133454309,3.424432496183522,60.20532823022958
1725.329836352193,1.0,1.0,0.0,4.0574725185949605,50.0
1257.520283507722,3.0,2.9,7.543333901651522,6.957716101563591,159.80698201899028
1637.4504344366096,1.0,1.4,5.304181629247898,5.1571540594383,50.0
1505.8143713094075,4.0,1.5,0.0,3.050386848154316,116.67838692724894
1190.242828941738,5.0,2.4,25.968905749202136,5.381271182530049,197.67715482147497
1366.0699156348414,3.0,1.7,22.911349893474615,6.215793019433079,117.76058154611223
1066.9187213490704,1.0,2.0,12.756352408092233,3.4077263936270095,50.0
2049.4376297563063,1.0,1.0,37.69160181081931,5.983838343013011,130.35224551258483
1825.7358974818042,4.0,1.0,21.469747302063432,5.5074793229891466,158.596975638337
1569.8604262280694,1.0,3.0,10.879907855940147,7.720231800360626,165.19021602184563
1704.0690625252887,4.0,1.0,0.0,5.446306109495394,124.70738619928278
1693.6452543423227,4.0,1.5,52.44882084958191,2.2802877180401615,218.9097214037027
1932.47058619737,4.0,2.2,0.0,2.740586290684764,148.62457313863638
2073.425726141917,1.0,1.2,0.7931664349629983,1.0,70.37171134146996
1650.8353280685583,3.0,1.0,46.94541234390445,2.268351689169122,144.1276282756789
1584.2975603205098,4.0,1.0,10.659507202691094,4.6964298099288335,126.2241735658703
1089.9363904753736,5.0,1.0,16.628518971609747,1.0,67.32615467798908
1615.0305094210933,4.0,1.5,13.860372888564182,1.508585134280696,143.1564075196425
1367.0867936614554,4.0,1.0,12.80760548901135,7.806739940250381,169.6051000604604
1031.2362429340371,4.0,1.3,12.064209839805578,5.133981434449744,135.1163081246792
1433.710747851101,5.0,1.0,20.403287584917962,8.006796603534301,218.4226427113448
1586.608088783957,2.0,1.0,23.904827581568313,7.784930600128657,205.42045675547752
1331.817708945807,3.0,1.1,0.0,2.4897292560532103,50.0
953.8190098354448,2.0,1.3,24.05086037587133,5.7050099367137594,95.9993100310352
1595.752353125754,1.0,1.0,40.10675669034717,4.381581845900273,120.70771543901701
1183.0327071719241,2.0,1.0,38.34624600642988,3.782820553520599,96.83870626483062
1093.0254586129786,4.0,2.1,26.996449736502896,2.491421153661501,93.57948502870683
1480.7447516133543,2.0,1.3,4.8410267010662995,1.0,50.0
1081.6514793422216,5.0,1.9,35.80837328443825,4.077660535930762,180.29495933525774
1667.4418543555519,3.0,1.8,0.0,5.9265770602362124,84.37691866399821
1573.8250845949226,1.0,3.0,7.965799592906848,4.369406689427751,116.0274530519977
1841.8666608076408,3.0,1.3,14.189570531707831,6.719169744687113,170.3410819903005
1733.8981596808019,2.0,1.0,39.654631191794124,4.570157939422529,157.38259415439558
1665.0156297073656,3.0,2.3,5.47483317704547,3.035025212923381,124.66556524837495
1470.3464396282081,3.0,1.9,26.53963084250069,6.139520714397294,175.34334735033673
1744.0528908001916,5.0,1.3,39.582182107314935,7.19755370397438,263.68923431635005
1357.8481958787252,4.0,1.7,19.783215936825812,3.3807929601567075,123.48688356398766
1881.567726581597,5.0,1.3,18.337811595813687,5.004575872287008,242.1808878494597
1546.3480996785754,5.0,2.3,14.9517111518274,2.7450078020939226,173.2542484644801
1141.1380127757989,1.0,1.1,32.18788733591297,4.628682046672366,74.15970625383665
1305.051934350769,2.0,1.3,21.26252345278544,6.053073367344615,110.80710602672288
1339.4049862297022,4.0,1.2,27.672493630427923,4.5730864412991235,207.67270544917264
1375.0124083153612,2.0,1.8,19.053154803331275,9.698151573401514,166.73883579982413
1816.8170427198156,5.0,2.6,23.348583711937394,1.0,283.3469405278423
1764.3440162440106,2.0,1.0,20.01988533101611,5.8413992620369575,131.66833349556305
1588.5839821862605,5.0,2.0,8.352512892604995,1.0,170.19708917976806
1683.5028866522603,2.0,1.8,35.46499283743927,4.229835439167367,175.72253897838416
1465.6380464242147,5.0,1.1,38.56724467960193,1.573730941818245,203.7251131980678
1869.000171815745,1.0,2.1,5.529418613739278,4.514637446375933,99.63806716347537
1362.4084091696745,2.0,1.8,32.85053720363834,3.084862089969576,86.33794145104008
1749.1007449632737,1.0,1.7,7.158742611366991,4.081278200919511,70.91323041462627
1644.7417245729555,1.0,2.0,16.648058220112237,3.285684887167435,121.52199310166178
2029.636272084329,2.0,1.2,26.074725664414334,4.050109377678088,182.4478800904087
1835.0501326589863,3.0,1.0,22.796242546160695,4.814111586772824,177.40814205232292
1807.2187577434388,5.0,3.0,28.887904238017747,9.123007153272795,307.6185700338173
1956.9715865136775,5.0,2.4,31.0343299586862,2.6439182652472386,284.0272410351377
1128.2841892420072,3.0,2.7,51.43765252713739,8.715404687075464,224.67665607750817
1562.8978245823878,5.0,1.6,12.62545721551929,8.601022363021707,223.7440765359074
1774.8983024107445,1.0,1.4,25.19732713846989,5.157270380632181,129.57939577293888
1757.5353349969996,4.0,1.2,16.480691450638794,3.008369210419542,190.2366780317142
1457.505424196962,4.0,1.0,37.49555818503878,5.1513898800101865,214.5346090429996
1597.307784516481,1.0,1.8,2.314403132602962,4.951608787218167,100.0233598743942
1364.025477293096,3.0,1.0,41.787013017061184,3.983719604705378,134.9061387809117
1366.7120219771666,1.0,1.1,25.659507395672783,4.460250129413257,118.80534793289644
1361.3174133884872,3.0,2.3,13.482556588515266,3.967910543565252,187.44958592522102
1311.6798281746483,3.0,2.7,15.679416891168854,4.3397598120671,148.68280718520703
1671.1521625063547,5.0,1.9,11.290275461690735,3.3314363799307505,252.98746921260667
1141.2350813894448,4.0,2.0,26.66904002330211,8.339809008702812,191.72037365616842
2181.2078573413187,4.0,1.8,22.727993825877427,4.169424172198397,221.79363007748594
1103.0730619777505,2.0,1.0,44.630227402045534,1.0,97.36872369927434
1858.4288585630813,2.0,2.1,33.419707813608085,3.0283923826643466,138.7855499228334
1505.6457149221794,2.0,3.0,2.4251847902365746,7.177539308433344,153.12852223172308
1034.5463252823213,1.0,1.7,29.930777521377095,2.6857667625734583,50.0
1846.1702202767242,2.0,2.5,0.0,4.073677275829202,113.67476697573564
1830.2878904995714,2.0,1.0,49.37521181330891,1.0,160.81898592231113
1627.2200584555353,5.0,1.7,20.591705723611092,3.9508659724658983,219.51111327990753
1853.917562508213,3.0,1.1,22.911614464300364,3.564162218504796,196.4095618410836
1085.6866190538676,1.0,2.4,24.557278934073135,9.727744989238722,120.33637720909553
1049.0571140645682,2.0,1.2,16.313854038710836,8.338043050578786,126.74852999380371
1383.5469544376315,2.0,1.2,22.556243335632317,3.7731946729181205,119.3510168828212
1388.0195262176057,1.0,1.2,29.66777737467937,2.964471381846094,88.14513047789623
1363.561584786692,1.0,1.2,4.402902034596735,4.514602504349437,50.0
1600.0986315860846,4.0,1.6,35.563099163868486,4.044685106469767,214.40644100348723
1143.1000022728917,2.0,1.0,10.634819154301638,6.239422891932272,58.04446182697656
1642.02222471374,1.0,1.0,24.36421046509228,4.9002396917437645,136.2950500943635
1172.5124483522693,3.0,2.4,23.507720386843975,5.4213369304062216,153.1088515604037
1712.4911541603192,5.0,2.1,25.271723113123745,6.508582659627148,244.38669244410735
1846.0771029950777,1.0,1.0,40.79524095894265,6.9556310993724,115.78338961517036
1744.055165210901,2.0,2.7,1.5370352534906715,3.4334934153275256,158.9642127851676
2118.7574757729435,4.0,1.2,3.987006286185906,3.089754841301294,171.10283125067838
2127.716182705638,1.0,1.6,4.909739277504471,6.190314050873827,166.37390860083218
1714.6143946323732,5.0,1.9,30.772785885619015,2.6383743693823103,217.93544690392292
750.5816947521182,1.0,1.0,23.006894471205936,4.877848657295248,50.0
1362.102968318101,5.0,2.5,3.802363283277696,7.043030785563728,178.36597617329156
1618.1391894648755,4.0,2.2,0.0,5.9641334546707725,130.95724844000333
1677.4326455255564,2.0,2.1,30.203305407150367,5.454068957729778,151.4080409679421
1341.2003662654888,3.0,1.8,0.0,4.334279191234978,91.08147171902019
1788.5961567215522,4.0,1.7,16.444820449810585,7.924391877435274,206.72961247718752
1367.9866539909049,1.0,1.0,21.96110865929137,8.26482260786327,99.57319602069873
1227.7309013875206,3.0,1.7,11.348430041475009,4.899523781101726,116.45514520567926
1312.8693117912585,1.0,1.0,48.71047030800179,6.225547810125139,158.45974213794764
1470.4235603147215,5.0,1.9,20.282744344172716,2.819201845114308,185.01126583805268
860.2213121535491,4.0,1.0,35.18956114466108,2.3683683671449858,87.60801298638096
1610.1861940204021,5.0,2.4,47.57275515192684,3.928073109771904,258.4220397196702
1056.9225217404296,1.0,1.0,8.909428888114455,5.315522878587539,50.0
1126.2847870660846,5.0,1.3,20.82401166499773,6.951633438689418,196.05964457148497
1383.6900250774318,1.0,1.0,13.795765015555359,4.776982345714113,62.73448072201218
1112.8315734161345,3.0,1.1,17.851116269537112,4.102914326944277,114.73398311344886
1576.6151267022951,1.0,1.0,6.569805164554637,5.171374322806718,64.66647319889718
1883.5355587821896,3.0,1.8,22.86648602029855,4.213322375345278,196.4728979103776
1651.3449769149051,2.0,1.0,0.0,7.711145871420696,72.1662168285352
1856.0203860531992,2.0,1.6,41.54503108558968,3.2378633266774157,185.6380654168673
1498.9876627767144,1.0,2.1,17.447230662126074,3.897628567342933,148.76844368817223
1411.66327272359,5.0,1.3,41.79133317689275,3.1210735160280345,196.30844294017024
1485.291197748589,1.0,2.8,17.594598784327538,6.3578939755244654,140.0062933870194
1542.9146309636858,3.0,1.9,32.744179827743196,1.0,117.8568505729416
1426.383565199139,5.0,1.8,8.693957534637656,6.64412031998898,234.86601608114046
1952.7393040213651,3.0,1.7,29.084093489469694,4.084733501324769,236.0279196703964
1241.6147396015208,3.0,1.5,42.84686115904486,7.959888277780052,210.7017629246243
1944.4990207387796,1.0,3.0,49.43880785796192,3.988506591476127,236.56439118795402
1395.1682018349131,1.0,1.8,8.41146876865639,7.499009801412317,77.86539882540514
1198.0372304161076,5.0,1.3,37.09817841693568,5.336921952539228,226.62440493911475
1583.2075385894027,5.0,1.0,19.665815312244302,5.206876258616213,210.0636344627575
1559.4254282303564,3.0,1.5,17.834593821140864,5.027858583825893,155.0060766257175
1318.2855230989985,5.0,2.0,31.131430580139604,4.024177183708595,258.09148050144677
1705.9060665043598,4.0,1.3,7.416609889613955,4.309670589100407,166.17351061887953
840.3582130139754,1.0,1.1,26.600216750799987,8.76231413888118,50.0
1616.8813572275963,3.0,1.0,0.0,7.75693925492301,110.83734082356611
1402.1929403496476,5.0,1.7,38.01820883245917,9.150801597290878,301.60269997106155
704.7090574820965,5.0,1.6,36.37260277883693,4.490045565158289,175.87931950530532
1558.3822365711728,2.0,1.5,8.862941214529275,8.390102080861507,127.64174870724555
1433.6239129242683,1.0,1.0,15.847800501666189,9.112414259880644,119.81600229833084
1162.9517900281207,5.0,2.6,23.643230197254127,8.281229126976575,320.65996273482335
2044.0223095546269,4.0,1.9,14.856817076636538,4.981422876864369,223.9742235607156
1476.6488408961593,5.0,1.3,17.292801296140617,1.873618382606686,143.45050867252476
1641.7891037530217,3.0,1.0,0.0,4.937593022121832,121.25999190998715
1316.5446591024156,1.0,1.0,0.0,5.373533528954157,74.01907572007616
1401.4144572753046,4.0,2.8,29.047811466235146,3.1987585307042625,211.0197620803402
1304.9928196779306,1.0,1.0,18.748430453144586,3.14097827961518,50.0
1133.1314941333308,5.0,3.0,21.06880624866339,7.662678123976806,253.71223781012856
1172.7100709354404,5.0,1.0,13.837785680681229,7.065092408683315,152.53444817492624
1527.8534703423345,2.0,1.4,22.397845879961004,1.2363019090047218,86.19652315454934
1737.1115688155135,2.0,2.2,25.100769418533357,4.442074139336383,193.7133815260808
1072.575544135963,3.0,2.7,11.83425913212226,4.548447399026928,115.75759829938298
1615.260621601769,4.0,1.0,5.083572173003116,6.337680261092436,223.4881717835837
1485.4042945288647,4.0,1.0,20.491954931173797,3.0856981702099144,159.00853989333817
1237.3145239845728,3.0,1.9,0.0,2.925507691347087,59.2998133738334
1526.009309824319,4.0,1.2,25.335034228448443,2.795460519088289,148.32350282543968
1340.182350534929,4.0,1.9,32.59495796646783,6.639850505270468,218.5129576679062
1808.8239302865977,2.0,1.7,31.95052890606113,2.633887630531222,187.17240740927255
1014.9859875155958,3.0,2.8,16.559265022167992,2.214529055666007,93.13545708648513
1769.0517947596595,5.0,1.1,15.972040281412514,5.293586023971098,201.19225180064768
1484.5431214426062,5.0,1.0,27.5463555293562,4.6086029377061974,171.13709288268007
1575.0600618755084,2.0,2.3,49.935012346759464,3.003878745371174,176.95560566328191
1791.4712852863067,3.0,3.0,29.680639243777215,8.510681684886409,235.61506510938545
1367.0153246425468,1.0,1.4,6.727959289596486,4.945390920980136,50.0
1618.335642713489,2.0,1.2,13.685232787696055,4.024787551855013,94.84953345794382
1620.5135166296825,3.0,1.9,30.352159875666686,8.065477826005155,243.18322258077498
1269.6607304687614,1.0,1.0,19.479726689198284,3.1626961070316035,50.0
1556.874484979623,4.0,1.7,35.01569138850712,6.95039525956486,193.72307290304897
1040.861577076987,5.0,2.4,44.44463196669198,3.445257030308187,236.29684580995718
1509.60124471973,5.0,1.7,8.698731944807248,7.603482578797596,261.1192276444338
1732.8083741530427,1.0,1.0,4.966744716099129,6.216492383369937,114.35597516724644
1832.909952586867,4.0,1.8,26.14727985392769,5.978374260295327,248.74557670160368
1291.6198892510565,2.0,1.0,2.684559976505234,5.911808390341405,50.0
1608.4908075142903,5.0,2.6,10.323203680923136,4.855979756839332,221.95536757951868
1808.0958789959195,3.0,3.0,36.588506365359635,7.381097188687193,241.26818781969297
1406.0825908430536,4.0,1.9,19.98937108135031,7.96823205707193,216.3394073825108
1584.190921347041,5.0,1.0,46.379307262927,7.928354477504875,228.78976549565908
1477.669971269986,3.0,1.0,29.31008146326017,3.545725648350263,94.84782761467834
1947.8065706878565,1.0,1.8,15.933145984361468,6.827169252466499,153.24698147775317
1670.430961538594,5.0,1.7,4.255167516350882,6.012481978611852,243.64076250421084
1345.0711068337284,4.0,2.2,17.053001248578543,4.932774870592574,159.4240042687526
1365.5326151099553,5.0,1.0,9.616245061011554,5.658213557420259,141.02340777346598
1523.879358712811,3.0,2.6,28.310866566738607,7.3403974183932075,208.2589885663341
1596.9237819348086,5.0,1.0,16.214697468105687,5.245340631989591,194.62174010550424
1353.5178472645366,2.0,2.0,29.499902391068577,1.0,94.72839957707947
1663.2661057021041,5.0,1.8,32.68704308844392,7.567633719707123,278.01395922190613
1808.9882452743484,2.0,1.9,14.978370018401886,3.3072866900182527,142.3334222782565
1544.6630411753074,4.0,1.0,37.72351574628719,10.0,214.10760077400585
1734.8621204845717,3.0,1.0,13.533116456373513,5.517322295710776,150.06318687190634
1544.0805895160063,3.0,1.0,12.168026449700113,5.3818330482874215,150.13829322929854
1578.7683987005776,5.0,1.0,22.903848670513167,4.047558252910682,166.2751203563826
1358.6052836546646,2.0,2.7,30.776261352074613,4.433563922109535,172.5800027098532
1568.248762719616,5.0,1.1,29.53951626067607,3.45645608521425,238.8418428730555
1431.0601108274418,1.0,1.8,7.228903486095296,5.171786012586661,50.0
1789.1637350384729,3.0,1.4,53.157845023870266,5.087622943958219,214.10244428429914
1623.8794362826873,2.0,1.4,11.54413170794038,3.349005606414977,113.822377525761
1529.3028295646495,3.0,1.2,8.404853242168002,5.448184963620833,144.77908639499896
1407.4551634632542,3.0,1.0,56.40074729518284,2.482990178649331,167.66391881221054
1455.8384163943208,4.0,1.0,28.472635379001836,6.7741595528925735,146.11977639304862
1561.039090760167,1.0,1.4,8.65473882073545,3.0889191187991485,50.0
1537.89425984496,5.0,1.3,12.963037186843867,6.020314937830367,198.4568846746105
1383.4959185096525,1.0,1.6,15.415713333975305,4.273766677688867,50.0
1752.1860079513658,2.0,1.5,28.201003523020688,3.0013955354101785,120.89558699400251
1217.880325054694,1.0,1.5,11.588586395302096,4.905258594911128,50.0
1993.0134467413602,2.0,1.5,25.409718371536925,1.0,158.80008978886823
1645.9504931478605,3.0,1.5,20.967116222151805,6.059385508713461,180.50858728936723
1211.1802304146163,3.0,1.9,16.9008308045593,4.31490159828447,102.51449227678744
1115.102332743429,3.0,1.5,34.9440022917071,5.954081654446243,176.14999955693816
1289.963755518248,3.0,2.4,37.92569943387264,2.9469694011778795,159.6607665047498
1564.1939732202666,2.0,3.0,18.315079254637553,5.070527103943458,144.8381356222781
1654.5143058918143,4.0,1.0,77.79097235982081,6.0300705344173195,280.4167820189483
1307.5555214331143,4.0,1.9,26.47883817010911,6.450191573695994,172.25987789344745
1783.7608931052437,5.0,2.6,6.491144711959075,2.827890835763828,256.8769984546202
1223.2769446504492,2.0,1.3,44.23063534204162,4.266351176370625,154.52636170323564
1969.657208770302,4.0,1.0,19.013746083905183,3.8821563054568236,203.1044193518585
1187.3866763270692,1.0,2.2,12.691956182076094,3.7004695463034656,50.0
1559.82719579603,5.0,2.0,27.09557423240323,2.692615437320283,211.36757455888173
1916.7073088888285,3.0,2.2,29.55987024534609,5.257234900809933,204.2801257133762
1158.3500646657692,4.0,1.8,35.58667681130403,5.600948719221657,163.38636695422784
1660.3516945441652,3.0,3.0,33.31483138810754,6.2134461182723655,250.3813611315265
1403.1960483473592,5.0,1.0,16.23750475317429,2.1563786665163125,153.50056510058235
1871.4849214300907,4.0,1.0,20.319073651040924,3.9427666365004863,203.23698021219616
1787.781247825562,5.0,1.5,52.29773686267335,5.9959965824909,338.34626302403177
1536.9614420353457,3.0,1.0,28.272280640607015,9.341885434995628,180.2656937747976
1883.6597439940178,3.0,1.6,5.715254288918045,5.850889728368345,150.8476473180752
1601.4070443305125,5.0,2.6,1.8946752821417654,1.0,168.5203549456624
1837.630435324431,1.0,1.8,2.158821606990081,3.1958968912849794,50.0
1176.0791036172454,1.0,1.4,0.0,3.9525373944571562,50.0
1527.5282329606507,2.0,2.2,0.0,5.174094136476342,103.89473723246437
1860.0236869280584,3.0,1.0,12.621463287406922,3.7865994104694067,119.69941302911758
1690.6254090627679,1.0,1.3,1.4111240771979112,4.470970317378779,50.0
1687.2359451156465,5.0,1.0,29.4251826389642,7.316221747000135,221.52303536791902
1232.9046455940384,1.0,1.7,19.03883353776925,5.351072459157196,78.35876065770736
1377.8891061219658,1.0,2.1,30.294776854350513,5.028546135672868,145.66370815031664
1612.2169709542716,1.0,1.8,38.41503488709938,6.6670579232178495,81.13973042016075
1836.5573568691411,1.0,1.8,54.80061083025889,4.892190301988522,241.65586202558686
1516.7174736866084,3.0,1.1,36.41287277706422,3.020790359482838,157.68824758148483
1567.5792351742648,3.0,1.8,30.39084132675289,8.509866143294483,188.18014750998486
1861.9526899525072,3.0,2.0,7.745964935191459,4.665763839366291,182.4039973861108
1372.092721138337,1.0,3.0,37.22668563795132,5.597505816731372,184.9547559970362
1037.1595454371063,5.0,1.0,10.508674551724415,3.331353909016836,71.45092954033566
1504.406458418759,3.0,2.5,8.2265253037664,3.780434191361236,116.94295748069898
2028.356437460212,4.0,2.3,19.99529491082338,6.064012397643886,197.26861151442318
1697.328952845112,4.0,1.8,18.957015706365958,6.380945372243026,203.03376789745366
1128.7012733018107,4.0,1.6,33.0373409658391,6.4853648367194445,161.0727174401868
1780.7035179442382,5.0,1.0,39.07332642491238,2.7788483090683425,283.454408318653
1541.9661698517382,5.0,1.0,34.941773223666935,5.639049341565911,223.16220069307724
1704.4078531328844,1.0,1.1,26.129109615526513,5.96775330237608,112.29627439930047
1559.6040028642221,1.0,1.5,18.813989872031655,2.1888738922874267,66.41538140367987
1495.0168973022273,1.0,1.3,18.41271863753453,7.29205515002683,59.179428878721836
1650.253342483337,4.0,2.9,0.0,9.462600292385265,212.69218918357387
1107.3538802642663,5.0,1.5,0.0,5.554753875916384,110.93429574806191
1771.1804523258586,4.0,1.0,0.0,1.0,88.50236061406413
1338.3474431421785,4.0,1.0,4.871679738856878,6.164053134169453,110.74498112776809
1128.6553503519453,5.0,1.6,51.995500619843995,6.324261349042093,273.7037952187634
1222.6307656865702,4.0,1.1,0.0,8.060390397726703,146.00351256140425
1883.3030465695526,1.0,2.1,24.984710179693874,2.7507158163242615,124.57176427500175
1317.6374217972545,1.0,1.0,11.91315945276532,3.822266346522608,50.0
1467.1170588222508,2.0,1.9,18.67455561191997,5.0128445396218755,147.61565116247067
1651.7896660367596,1.0,1.0,9.075916963900804,4.440379315245988,64.72365527213192
1712.7011272765537,3.0,2.0,18.6539645856916,7.658305060264863,218.46692773131468
1602.3455924449931,3.0,1.0,24.150361989950284,3.3683794300691234,127.45757834528183
1743.4189663474776,5.0,2.6,2.776050668710724,2.4008375261448047,183.80704616617822
1413.7657441798933,5.0,3.0,24.30993356604514,1.0,273.7709790548763
1688.2818892685493,1.0,1.3,15.807388050551998,7.640828019567668,144.47545224706218
1664.1292143510113,2.0,1.6,16.96711021349159,7.55532979157685,134.64774770524335
1858.3776661541192,1.0,1.7,34.37578729763064,3.4864720459681475,92.21194659423875
1279.4089617954144,2.0,2.9,30.822189856360147,1.6867535846444524,88.76194544277128
1264.8739436626715,2.0,1.0,46.02404863755213,3.581117995144907,160.52812335658197
1672.2213662682004,5.0,2.2,40.9939196771869,1.9085404266185337,269.3510724462577
1716.3406087636745,5.0,1.3,6.255888491544127,3.254077819092599,196.07862296912967
1670.9301840696612,4.0,2.4,26.715628400259725,5.685450692755408,216.7648547201929
1722.9792282068145,1.0,1.7,22.562981571919128,1.5796632146867489,89.92284936390189
1598.3463518529256,3.0,1.9,33.86405209306744,1.0,125.71959787644545
1599.3790294210692,2.0,2.2,34.63317690683539,3.3215649535547227,171.6974193987876
1603.0854868705385,5.0,1.0,0.0,4.078722458080425,144.48906143413117
1454.7486865299913,2.0,2.9,18.89078651587411,8.146039450429713,186.00060517882702
1712.835545141712,3.0,1.4,13.46770444145235,5.663960661138029,154.84225683481827
1536.0886895135698,3.0,2.0,27.716582510881235,2.8647591412348112,141.33339889150514
1905.2556992097016,1.0,1.6,10.194812890438715,4.063007773279368,134.86827664528965
1746.9839747033116,1.0,1.8,23.386422846676318,4.977815992102796,166.23785828476485
1695.1350277608417,5.0,1.9,0.0,5.836796441777367,200.99310740430042
2009.830794902613,5.0,2.3,13.973074595875495,3.8089301296322815,227.37628527137426
2181.434923626839,5.0,1.0,13.93403865224058,6.011178483671749,288.38553694833394
1466.8003894328012,2.0,1.9,6.550366590271878,3.584748210355948,97.15763603283239
1685.9216354108605,4.0,2.2,0.0,2.627327145780291,148.6736449558086
1520.356653158221,5.0,2.4,32.79160512683329,4.1053562086824975,228.360182708193
1452.0184410109719,5.0,1.7,19.714756881459667,7.950712433899104,202.26856714075262
1758.4309576898415,5.0,1.0,23.769749723571536,6.385538063697721,242.32053562203578
1543.750941064615,1.0,1.2,28.77949154774507,3.6274417284898313,75.20015508039216
1654.1723548976745,2.0,3.0,22.693726729093967,2.9993373507888506,141.8121802664823
1728.0167891068809,1.0,1.0,21.23659629401755,4.83378885474261,74.51470356773466
1876.7268376720563,2.0,1.3,6.580890466707441,5.444267543267426,153.77715226656784
1775.7462520830004,1.0,1.0,35.00873477064467,8.550621785219024,165.7886206166243
1176.7871769045726,5.0,1.8,40.64744675029307,7.902002876262673,224.19134282683507
1045.885682216152,2.0,3.0,0.0,4.878678372370758,73.09316802115819
1966.2481262144322,4.0,1.1,32.80963964828335,4.329724437657097,217.0762279712601
1999.642333338773,5.0,1.9,35.21555097527195,5.5120594686277515,257.33512915316146
1742.4108568206213,5.0,1.5,7.279016029542371,6.42282115893099,347.38211349267795
1532.2333123022677,4.0,1.0,25.810572209494847,6.700158664835106,214.04963596460505
1201.9923901254147,3.0,1.2,4.761817595150324,4.671329588229217,137.08296887390523
1319.1538032648116,3.0,2.2,26.483944259512334,1.0,106.32651235958897
1314.7074969198911,5.0,1.2,0.0,6.424644319160324,227.5310560919218
1259.3168192335143,2.0,1.0,17.580714325009865,4.158709354469282,50.0
1858.6441952476437,4.0,1.7,11.050564120824047,3.350775499130478,185.97602512357167
1547.8387520412386,1.0,1.0,6.608187267621739,1.7994577909925802,50.0
1837.8150752316506,3.0,1.2,19.229094146172706,5.754200787804373,158.06772122817006
1434.3401244793122,2.0,1.0,31.493644625607644,5.433366237928572,120.85912929116512
1113.0117300776838,3.0,1.0,0.5738184190457574,6.646341167923829,55.604435417605586
1203.4226678547248,3.0,1.3,3.4461602417634367,1.614086371609229,63.186663760165644
1709.606644055113,2.0,1.0,20.378163013101233,6.784135199463441,101.90037499598296
1489.4977169981291,1.0,1.1,7.834987045567328,4.634862051240917,70.37102820959352
1593.7134631399715,4.0,1.2,37.89102748124621,3.543845804289358,190.02966739986937
1928.191609286765,4.0,1.0,13.70847871012174,3.521942683953534,162.0840465564355
1466.0615842452778,3.0,1.5,0.5117545483126378,6.281085870149547,138.30019083410642
1785.127151455815,5.0,1.6,11.346445165063953,5.683511951554319,299.48104058602553
1430.7196409373967,3.0,1.3,30.443095472201275,1.0,115.64190066673255
1098.4182600830254,5.0,2.1,30.393779345474165,4.538267252310462,201.44867662136357
1325.0767684293185,5.0,1.7,17.49317429320383,6.6314744250785935,181.77973720809692
988.9852681934535,1.0,1.6,19.166784516550717,8.257231091142584,72.1084119407391
1650.5348208502635,3.0,1.4,36.76098223853691,3.903425407018798,158.87430722431824
1318.3153380789408,5.0,1.3,47.39014570320404,3.6618545226801666,187.93848799855124
1192.7439527012384,4.0,1.4,47.81138849501282,8.026899486484261,209.19261439828566
1989.5570697267326,3.0,1.0,9.00450506714016,8.405029316259212,211.12514444245102
877.3235972764401,1.0,1.9,18.708954608136604,1.3377102433232997,50.0
1275.9230144789497,3.0,1.5,34.852493584389336,7.255560501267797,145.09268291552405
1708.6613272697332,2.0,2.0,32.73653166114716,2.8165982477213714,137.79485854921262
1219.3211103712722,2.0,1.0,17.33123186293403,7.115628361641592,83.82369774011497
1208.0793177355333,3.0,1.5,37.948572524967375,6.158582999202177,180.20469613851523
1928.6573123440703,3.0,1.4,0.0,1.0,125.02861799999006
1587.6578184979119,2.0,1.0,17.190064723904378,3.1269872504208083,119.98788270041932
1405.9410941482806,4.0,1.6,33.827022529658784,10.0,249.24648913333232
1719.5612112864887,2.0,2.0,25.025870436261762,4.3959090010202715,203.7199499308617
1471.182030082605,5.0,1.0,37.23909989428513,5.244019629290723,285.4847964625047
1663.0800463783298,5.0,1.0,14.44078501870841,4.9488918580171095,205.33213978721272
1217.232598262437,5.0,1.1,44.22168186064777,4.73987941289276,221.45599988482513
1754.2265031451266,1.0,2.4,11.970077210691159,4.759237672092803,99.98315486388493
1024.829152954283,1.0,1.0,31.40621984216446,4.095387361501847,50.0
1807.532745774532,5.0,2.3,10.191524175116353,5.3837954717460725,244.5888071209621
1344.6922281392356,4.0,1.0,18.6786313395639,4.038332420976041,151.3948534694066
1468.2154937087594,2.0,1.0,59.66515020525552,5.993398446473043,172.61339258400272
1487.952614806697,5.0,2.7,0.0,3.6472153958814606,204.6854994108479
1279.439689571026,5.0,1.0,44.84312378085943,3.2384918207945397,193.59186141109984
1239.5217115205003,1.0,1.3,21.46719939639961,5.277290367420169,63.4748219446879
1359.1576842195143,5.0,1.3,28.138400653789468,8.158425631014783,237.26378198549565
1620.1444159518985,3.0,3.0,21.96597779323773,3.948240648209592,173.35395678347956
1403.895807541704,2.0,1.7,26.362489196028747,3.6971639927711033,112.10620605333523
1507.8273150632501,2.0,1.0,27.764885307036845,2.440846066528597,77.45441450274735
1455.017784276267,2.0,2.2,0.0,7.181723341207396,130.84938736640473
1926.824440829982,3.0,1.0,33.893231033623884,1.0,135.9321472708504
1320.699695023543,1.0,1.0,25.553178349126114,8.890390148553866,75.28391970135843
1192.2741949079168,3.0,1.8,36.512320976339076,3.124148846927202,146.50739919525176
1248.237099798298,2.0,1.9,4.327862089684496,7.145014674619604,98.99416231962277
1392.591186075904,4.0,1.1,17.909041990051488,3.7756661656903585,133.24055167477314
2096.1827997692426,1.0,1.0,33.67044083262083,4.862731907829063,134.46516072917794
1683.1110796300395,4.0,1.0,19.686476090537777,3.879637919606061,138.75725474032478
1442.8490682006566,4.0,2.3,24.860855423323407,4.067009241543604,199.70214053888128
1758.4908373493831,3.0,1.0,22.085905979801264,3.3675655109160703,129.28492938584296
1433.2575309665203,3.0,1.0,50.70293293579337,6.364138980125262,155.3010354290674
1427.800447640936,4.0,2.0,20.118202770420922,4.1751723635670395,142.58560560295345
1441.5275158941956,3.0,1.6,37.00655145300597,4.605323159385348,158.25516209701934
1153.9948468212121,1.0,1.0,37.05971813547094,8.352786054416406,130.22435522598187
1481.4707400419613,3.0,1.3,27.19162277129096,4.48764049500924,143.92248795788717
1142.6089508392054,4.0,1.0,29.848304129507447,8.731549022289514,195.42217775508604
1101.5441853304708,1.0,1.0,22.952918538036855,5.4177271900095105,50.0
1408.8821913670006,2.0,2.2,0.0,3.2657395685781996,86.82668764335607
1651.2139546553533,1.0,1.4,12.04613572441339,6.910284641002477,132.0225845662292
1462.793583783001,2.0,1.0,4.0366998977397675,2.5614310669556124,75.66446613158263
914.6694407884125,5.0,1.7,22.153819047577404,4.8868230222002085,180.22956842325746
1547.3922936754354,5.0,1.1,0.9212149833091559,7.650552180874075,171.90785953421158
926.5078348044729,5.0,2.0,39.667512467039366,3.6036006507779006,239.6831140107912
1140.0907414904075,5.0,2.0,0.0,5.993747181015194,126.33622314787691
1551.5518019380593,5.0,2.2,28.298768299771755,2.816132199209374,170.70402256237622
772.0823788394375,5.0,1.8,0.0,5.52710162390957,74.15783474205516
1025.64278939036,4.0,1.0,33.425574711141735,5.534253302022967,144.82798781205204
1380.1091443156192,5.0,2.1,23.370270886278288,4.254333695816466,198.74500824263538
1316.328979647675,2.0,2.0,3.7227421016330275,6.9363693210657225,113.30312538541732
1635.7115388749203,3.0,1.5,4.064097077796804,7.8244411108308585,145.3263064121843
1807.0591932556035,3.0,2.9,22.62930168400886,8.794577389546223,252.17710768856904
1759.7265582510365,4.0,1.0,1.9955538941633577,4.770527117066202,161.41853456285594
1956.301868147814,4.0,2.5,5.766252187627442,6.554814705529022,259.0124448208137
1667.3430919055586,5.0,1.5,20.155289297650707,6.635532598400574,252.60540978065836
1555.365390959111,2.0,1.1,43.13164928851813,10.0,226.2310161919151
966.3839253287164,1.0,3.0,42.440664672337746,3.452421601792854,62.501397694311265
998.1318296065277,3.0,1.0,26.063192979159982,5.094986936503286,64.42420258656102
1434.2698413573407,4.0,1.5,32.441083717752335,8.352874624550566,224.3662436203246
1893.5080347817984,5.0,1.3,3.6178760985690026,6.87495498501385,307.8609480126109
1595.5563014396623,1.0,2.1,5.124550048395342,5.558535676433052,145.37255128760594
1401.6315850461247,3.0,2.4,22.327860257884687,5.000414129836394,157.21417163886767
1806.4149886288196,2.0,1.8,51.326641593048876,2.2447649984915254,140.92755632883828
1973.4354172686553,3.0,1.7,34.78174528422828,4.767541913756084,237.8884840616134
1336.9725686598706,3.0,1.0,9.307313259842534,3.9062821175192157,105.66575888609978
1199.3437632655582,3.0,1.1,31.11236518130189,4.674414187855412,125.86632414376076
1617.2087762784433,4.0,1.7,0.10291807533375419,6.1029525504790465,114.17950840577078
1486.3241950933507,2.0,1.0,23.650091739840377,1.9489496581505223,88.26350448145797
1408.9307024202255,3.0,2.3,18.786239935059676,6.035989552782904,172.43618245207978
1290.151433949707,5.0,1.3,4.4440088964500575,3.8471608473303123,135.27103525762175
1146.189263510215,4.0,1.2,22.583815796165563,6.920609592562941,163.2519065111042
1626.5340222752613,5.0,1.6,39.65287862121346,4.444911487368897,240.65414454978065
1559.3750002026227,2.0,1.6,10.887915685695392,5.352379645005385,137.9139353908261
1586.1372495605472,5.0,2.1,10.813439380393431,5.466432262527003,201.090919660572
1649.3229267274182,3.0,1.2,29.98886378081692,8.590422711824644,228.2902920084907
2077.033738447486,2.0,1.0,8.380775449721272,6.106298312758418,89.353530672527
1251.935893788042,1.0,1.4,16.6028166214771,4.592652499646068,78.22390896561762
1704.9986978433208,3.0,2.2,16.860292706309576,3.4734277916428367,131.3993516889406
1334.3330867157085,4.0,1.0,29.493977266332664,3.3352888537915426,167.98034306496845
1478.9502865624058,4.0,2.4,0.0,6.667844309097808,162.24822546759032
1670.031517855254,3.0,1.0,10.139411690079134,6.366446029577616,125.0847593423482
1824.0168177417931,1.0,1.0,34.14182771210113,3.1986572349750397,151.32630483829098
1842.04471155638,4.0,1.0,43.708110298525604,5.49300955686401,216.73724906392007
1671.179600577948,2.0,1.0,8.551112651862248,6.08672038475987,108.82066017280377
1735.2008337932243,3.0,1.7,17.176079973705402,3.030931899036064,167.2606104994938
1567.1742402193984,4.0,1.9,40.46210644960766,4.960724402146638,235.88098299237691
1816.092538982352,1.0,1.0,5.759016667520855,2.2966307887673327,50.0
1860.1241723833277,1.0,1.6,10.146585815429065,2.305747420940607,125.35431284497076
1848.8515732604958,5.0,2.5,11.29975501019473,8.698724282772762,247.20419235671852
1457.3560389178363,4.0,1.0,25.08030976882535,6.462760505149985,167.5639478265689
1592.7142329097962,3.0,1.2,10.164684208078345,2.94037630291631,73.8644972975099
1364.6523424773004,1.0,2.3,28.276111998663808,1.9613078490463152,50.0
1529.4202618616835,4.0,3.0,39.438076727945216,4.648872109001569,225.75718326219476
1809.1741756872173,4.0,1.0,10.132481692217944,8.038567847283538,213.28864455817344
950.4953258381921,5.0,1.0,4.230351325409833,4.604124542030636,148.6537181960971
1687.0221414839748,3.0,1.3,30.551601997083413,6.253227274526141,189.2310496164814
1371.209332644822,3.0,1.0,9.61368530189216,3.7764618181894294,85.87700096031085
875.4211776348834,5.0,2.0,45.44684552435057,2.439141295007434,186.64562327418855
1502.118947588453,3.0,2.0,10.095182907898295,6.001331442762419,112.72450860049699
1078.4430459589275,3.0,1.3,19.21393324133796,6.690315942368644,157.09804032974193
1905.3342269960144,2.0,1.7,39.3911793427731,7.1253145815750525,239.90784596082216
1420.6029500286131,5.0,2.2,60.80253749884428,5.026003783755814,258.5984911096374
1828.8209722432196,2.0,2.5,26.379819624951658,3.665621830444989,202.51917657131042
1809.739578165344,5.0,1.0,0.0,6.835723894109552,231.5169473706533
1458.1661172957001,5.0,1.2,13.247161027228827,6.231542299542284,175.78838911951138
950.810130943063,2.0,1.0,27.66803899287471,6.3557506390618155,50.0
1268.1366996529173,5.0,1.2,26.105784306868028,7.2482254399720265,200.35015446918175
1883.8556009280476,4.0,1.9,0.0,3.4088858641182354,138.9259888243619
1848.5634907824572,3.0,1.4,6.089702987141388,4.662356553619979,141.99515471317298
1252.3038951593574,4.0,1.8,22.240452234067835,6.101595144547327,160.29512779867719
1573.18595937255,3.0,1.6,16.651966180477924,5.101775403712036,171.55639271927595
1727.0366039960945,1.0,1.8,29.187031910204034,5.938535179617053,84.01879458130128
1540.6015043676873,1.0,1.0,34.91671063263361,3.9079164023665576,60.674332731746915
2423.6642425365712,4.0,1.3,36.79362367151865,6.153113926111533,270.3439536969168
1171.4188443471585,5.0,2.1,0.0,4.951534332260616,124.04151161077945
874.2306366799988,1.0,2.7,0.0,4.837908070556512,53.56654245675739
1696.492675266507,1.0,1.9,32.16197968387565,5.0694274975051234,164.09363292668863
1331.5326761008123,3.0,1.0,11.703652746288016,1.0,50.0
1684.780682083279,1.0,1.2,28.896518869525757,7.318659606728496,139.5577015641761
1245.9618845794785,3.0,2.1,0.0,5.94647524914709,147.06178748542703
1495.7703102279986,1.0,1.4,19.060276668172676,4.6322922136815805,108.78860945077865
1332.5094738161908,2.0,1.8,3.497686505424575,6.677881000939225,95.5225263628914
1388.825171279765,3.0,1.4,0.0,4.084303227635021,83.75386271591867
1471.012898995533,3.0,1.0,13.760496080789622,4.22015258688111,99.39994013303875
1545.7064616101165,2.0,1.0,7.663701014266991,4.181435123773792,63.71984722690087
1768.4773130833323,2.0,1.0,15.575754825619583,3.6141896044081854,90.19634458787121
1371.935679015774,3.0,1.0,4.818434371097487,8.059100638921228,105.0225696889232
1565.7907011601308,1.0,1.0,31.877889655821015,8.438081225683643,154.29878576393443
1503.0699183058762,5.0,2.7,5.2773702342807365,2.1282756976411212,179.15733254132795
1935.9826428127635,2.0,1.0,18.82654011412223,7.870174798444471,200.29381980086697
1568.698917737802,2.0,2.1,0.0,5.8826143033984915,97.92773248496289
1586.617098847507,4.0,1.7,0.0,7.544707000213536,183.34422647620053
1255.3873115051638,2.0,1.7,4.006476021511624,3.3360901650110977,72.73205093385852
782.9086897591686,2.0,1.8,13.816688824632948,7.460444351301575,50.0
1394.7451709770576,1.0,2.0,0.0,5.524133618173451,50.0
1958.5405279237596,4.0,2.2,27.617536344344355,5.114026249794169,200.8926055768779
1746.0474560266452,1.0,2.3,19.029670924512224,6.744630760056901,178.9719130589951
1163.6268779716825,1.0,1.9,33.94114977186223,5.581794115180012,50.0
1281.5484297090554,3.0,2.0,46.22205603681253,4.588744292713505,168.91559421349854
1644.2233739303952,3.0,1.0,42.450656111689725,3.2434734943530668,153.95288217767788
1662.9894087109165,3.0,1.6,20.732901054885566,4.141188917749494,158.32955635337365
1868.7644352891152,3.0,1.0,29.046420274232503,4.212940288060542,157.12277854913984
1380.6960919156188,3.0,1.0,2.239541626661609,4.234365620774063,69.84580837551525
1935.635309754768,1.0,1.0,20.212238974486375,6.704937286865901,123.9373463546668
1451.0799108168708,1.0,2.4,8.826460327903265,4.9469574815018795,72.29092616613573
1172.350910184573,2.0,1.9,32.52126989487323,4.995192318162292,50.0
2142.681107583559,3.0,1.9,45.91314755151067,3.852599992122842,235.3705595205366
1080.2081475594175,4.0,1.0,25.514739394871324,8.064735449356231,186.429106051443
1224.749153695721,1.0,2.2,35.26492200265254,8.075863836825105,164.3454766763012
1333.9052083958454,1.0,1.0,2.0318316111672736,4.785939280090885,50.0
1794.8049428309823,5.0,1.9,0.0,5.006295453812653,232.22082943921103
1165.0426680154023,1.0,2.7,38.537174300104084,3.9283970738954044,83.24657370939366
1558.4208584156324,4.0,2.0,19.719368653311538,1.0,126.88654418740381
1529.8954095262923,2.0,3.0,12.447865188257012,3.0189273497386235,107.10040296070903
1577.3927943663543,1.0,1.7,36.55816014974387,3.1918634205279997,125.14878480207403
1249.3958840220728,4.0,2.5,52.177236916600826,3.653018751512263,186.72170384476982
1227.5927773436367,4.0,1.1,0.0,2.9743377593311524,99.39272165495784
2107.081865768892,3.0,3.0,20.101997668399967,1.7846779457638826,198.70511724118194
1767.8861610326308,5.0,2.6,47.444303025741306,2.606422707147377,237.23135901505543
1790.837160158021,1.0,1.0,26.407915428075274,7.531415681729401,145.07590310795518
1458.1231115534479,5.0,2.3,36.622742251062746,1.0,216.7199856147971
1611.3437620113928,3.0,1.0,10.940222199262692,6.15414425436108,113.37956353853437
926.0159266026607,3.0,1.1,0.0,4.068540492859486,50.0
1770.1195765185191,5.0,1.0,26.768379789777622,3.454681109458352,193.2156340988004
1183.4676973558653,4.0,2.0,32.341741712510036,1.7373297791658535,161.69929708375054
1792.5937375433937,2.0,1.0,27.734421326659348,2.066429618768646,138.3268189467788
1597.2499057465327,2.0,1.5,18.04785418448473,6.363905942589928,159.60555538680745
1317.1463393522151,2.0,1.0,17.19543045521831,2.869772673849255,90.92393205841704
1388.5677402012625,2.0,2.5,0.0,1.0,71.14276595966703
1205.6503406580955,5.0,1.0,13.033936065359185,3.64487069532869,131.31615297278893
1338.0720959071916,4.0,1.4,8.32542911896531,5.036867866130787,152.52662303443967
1814.8658145958007,4.0,1.8,11.97147182659148,6.790386440055465,220.91045073719312
1786.5807711621617,2.0,1.4,19.418856575156855,7.813869491783501,165.67681300973058
1128.2678773038297,5.0,1.0,0.0,5.203712590523973,157.72779714247068
1558.2155830817621,4.0,1.3,0.9490836693195206,7.623967477147893,153.11876862269435
1529.3011130245006,1.0,1.0,1.0325238956755172,5.840383085789983,65.4922964045719
1243.149047801475,5.0,1.4,20.533491110494904,3.7166663597392353,188.2675546375666
1625.8829916072355,3.0,1.0,7.041755591153509,6.519424590968336,127.15550407323843
1285.2720032667744,3.0,1.0,30.2307809856893,3.3363555835391105,117.99082994716329
2122.5195118045626,4.0,1.1,37.70192260612291,7.148666009540488,283.79606078260605
1490.0310028066617,3.0,1.8,16.878247140911903,2.7125475853586765,162.09463208976948
1272.0890647559138,1.0,2.3,0.0,4.004858323229586,50.0
1579.280481493691,3.0,1.3,17.748245731192902,4.200243522663257,136.5555154513223
1882.6172213997045,4.0,1.0,17.724283496341563,9.970379833357782,238.2994965132134
1765.8573565754386,5.0,1.0,19.060406340091475,3.4423259143591305,202.30611061638945
1743.858635651688,4.0,1.0,29.444432628854184,6.799199750866501,199.6598252438373
1727.746548090794,4.0,1.0,11.352343989099209,1.3960391248399606,150.7645474844345
1006.3803759129324,1.0,1.0,35.338556480144604,9.581885145181484,65.1098726697325
1042.3031056289715,1.0,2.2,38.93876155140773,2.1632685341339366,50.0
1614.7229238552152,1.0,1.5,22.49678312319584,6.3496389843332075,152.69912550901918
1303.870098405354,1.0,1.0,11.065080589347618,7.523843001427983,90.7968259961201
975.7090470515216,5.0,2.5,26.521550968353367,3.2464524375763104,219.09342041317592
1455.7192241103994,4.0,1.6,13.009452471976367,1.4631212688742967,98.22279124957176
1557.6147349470095,4.0,1.6,15.36325303696248,9.63865907996339,235.79361054508175
1137.1569193743585,2.0,1.0,25.834680940282755,4.433722206512465,105.28462516367352
1035.414510340876,3.0,1.3,12.63269379286843,3.506843306919522,108.0858611140342
1923.1377435610511,3.0,2.1,26.14644193939246,6.578113374751037,219.66773267574658
1570.1357735372244,1.0,1.0,0.0,5.068166936518452,50.0
1251.7229338053842,2.0,2.1,21.29215824569562,5.35288311055445,137.2814052460151
1164.8440614878994,1.0,2.5,17.212313717108792,5.280719739696094,75.424060634027
1141.8224980802834,1.0,1.9,22.144146421455602,1.8582476958630014,50.0
1407.6115411082878,1.0,1.0,0.0,4.710962658568964,50.0
1506.2381123026223,5.0,1.0,9.079955881562983,6.238308522010396,218.47555157842032
1660.4452009037732,1.0,1.3,38.434707537335925,3.3228284031055377,158.10624689946297
1056.1667330580829,5.0,2.4,38.88849859680198,6.208241779177036,241.9129249038704
1956.9089569224075,4.0,1.9,16.48769937914996,4.72347139765763,250.26344147501845
1445.0548586840116,3.0,3.0,14.649902987301932,6.631002044888525,170.7196301030295
1373.9439548712428,2.0,2.7,15.77323086709239,8.159144291461425,150.28787706713268
1094.6776901375936,5.0,1.0,0.16313064884644746,10.0,191.50724993922944
938.7624236922433,1.0,1.2,14.72729773938037,1.0,50.0
1663.043813601028,1.0,1.6,22.9971565057807,7.527413355309337,129.60536446535397
1508.4955128391384,4.0,2.3,20.44634209243618,4.92088969228669,186.42540666632374
1884.4931385011305,2.0,1.0,28.365365910876868,4.249607239352126,157.8492443363923
1079.4446811623156,5.0,2.1,28.802856407004054,3.181225090410522,185.3340688793292
1906.6913576414854,5.0,2.1,26.201523548355514,3.1556693516447494,219.62808840448292
1282.8029004772172,4.0,1.4,17.06914473234464,2.2084215956150297,128.09688887189603
1947.2178410549857,3.0,2.7,22.230011858031673,7.437523703394634,277.71153067992896
1236.0556939493838,4.0,2.5,49.805916675491616,8.370028557417019,268.04516318739013
2156.9408799653015,3.0,1.0,7.875525719672728,6.744641273441356,206.50062615025445
1624.1397292354495,4.0,1.0,17.220685116834375,5.619641420454055,141.82392447150127
1582.9744516773146,4.0,1.9,20.128341212365246,8.737635681087706,196.53975395104655
1857.5122491321195,3.0,1.6,18.74423060226182,5.146393982003389,216.7383737301065
1477.300318702251,3.0,1.0,49.58813265184712,3.3943511120983154,147.23829479225128
1504.685500184881,1.0,1.0,33.53415760679971,4.258983802819942,69.39977366530144
1933.1293812219778,1.0,1.3,18.767732324111467,5.704110793028594,122.5493540836422
1468.6971621039324,5.0,1.2,25.899605750079854,6.401401224241168,258.6328403965315
1481.2220616301433,3.0,2.1,8.690531166999856,5.562382847938752,146.45314415329642
1287.6267177977775,1.0,1.9,16.05879878470244,4.885209269851928,64.2079588246773
849.0967746822894,5.0,2.8,2.0871589836156588,3.3896564965142475,100.06972574250966
1607.091827780078,4.0,1.0,21.21917633084298,6.185060614635523,196.1840128466508
1569.676109148301,2.0,1.7,24.39608709948022,5.692896418993952,148.01604140889975
2165.63407003444,5.0,1.3,17.61432184399923,8.808273179146013,299.55896954103457
2123.0243950682525,2.0,1.2,25.7290317834733,4.301484591363143,200.46204725157764
1157.098526180855,4.0,2.4,44.50147298451644,7.37406061112076,272.5191660709784
1697.7737005297215,1.0,1.7,34.06355206439838,5.002410950724449,132.96517829332495
1322.2607222541317,1.0,2.3,19.603913645616096,8.231165647096464,135.6294018819087
1791.766334888019,4.0,2.1,29.327149433257947,3.8750664482114647,225.9825285868867
1354.390935651269,3.0,2.1,21.228112090794838,3.4543495709248564,114.90180237529339
1073.107522421498,5.0,1.3,5.448136094305346,3.943405906674042,103.8519356418534
1785.0922775920726,1.0,1.0,45.65920058872888,2.892635161707292,127.09139681245446
1523.146948865315,4.0,1.1,11.092828878969422,4.31818424530784,139.05515450631373
1299.5567743383017,5.0,1.6,48.099466643263185,2.1234440433652666,212.4039237136272
1280.7209880174244,1.0,1.4,19.503095406893042,3.4034055109230925,55.770008251062066
1421.1327512375196,3.0,3.0,20.336988392180697,6.569208575796048,168.5003126375652
2104.582533138192,1.0,1.8,39.35966691383821,5.62221998228639,121.11611248718266
1390.9163363358432,3.0,2.4,19.145815644183987,5.228455297324079,186.9975074236784
872.909130344053,2.0,1.3,17.44612629806142,6.461917952752432,71.23173559499311
1436.6609283516916,2.0,1.0,5.192307092732241,1.0,50.0
1091.0477986221567,5.0,1.0,22.845592514155936,5.9243453321638855,204.43164903447078
1348.7460506976986,4.0,2.5,18.77715990347531,1.4428248319869663,166.3030449005811
1854.5673278879885,4.0,2.4,27.21362139123343,2.6476533268904388,203.2386453090162
1149.0249492869136,2.0,1.0,0.0,6.027200213139433,50.0
1484.9386148874767,2.0,1.5,59.31189636544963,2.1028171707329117,173.12484055086418
1678.4263024995857,4.0,3.0,32.80123338170462,7.768545637021036,310.58975405222213
1658.0693770997382,5.0,1.4,17.1369167067023,5.486183455321398,182.68081008583948
1253.7953044944868,5.0,1.0,34.45064193866483,6.574169207484904,192.8902627975258
2129.9165367499545,3.0,1.7,16.29461448881005,4.126560527918809,187.48379981062158
1610.892657659428,5.0,2.1,18.390467839936566,4.33236102048798,217.85496389292746
1215.4955987327398,4.0,1.0,26.948094381486847,3.2098603154467904,98.33495748857662
1223.7979220761902,4.0,1.9,22.54041236054117,5.152010782824823,172.716484128903
1758.7180417148277,2.0,1.0,34.2968756806413,2.240763670422139,128.09591399141507
648.2764021543719,1.0,2.2,7.859287683758691,2.167545888414709,50.0
1526.5220658875542,5.0,1.1,42.162951215828926,6.392774894913431,209.98641791173972
1578.2021297471722,4.0,1.0,11.745422692318698,5.791607066874818,152.11090392627716
1195.5721520442444,5.0,1.0,14.578058499590213,5.898947825664614,220.3632338793627
1633.2594981872016,5.0,2.4,36.51984436603644,5.505137691993247,316.50744086805844
1517.4068204425187,3.0,2.5,32.72646323307927,4.08539668982642,178.42326059087947
1517.4626155337999,3.0,1.8,2.855445532540653,3.2322851275977342,139.41294631153767
1569.2102717156051,3.0,1.4,1.0975285224112952,8.322940331456037,102.89399327805727
1112.2123958543211,3.0,1.4,12.017471553092157,6.681468964259098,123.50494521485402
1715.68599319952,5.0,1.0,34.940715287087244,6.073305505054572,264.85450894517567
1679.2200209549574,1.0,2.3,30.517591134663476,7.378940977849281,161.3210123334205
1166.5259251459347,5.0,1.8,19.462616319403057,6.374131591717832,206.04787134440093
1246.5175684219512,5.0,1.0,0.0,5.437068084821892,152.58535944172365
1539.2070073393147,5.0,3.0,17.877113699495776,6.741493289176806,229.19216835788598
1077.4616110909321,2.0,1.1,0.0,7.098018451673779,62.4804442346464
1625.4617267663916,4.0,1.0,0.0,4.845557909553909,149.54237547326946
1248.923788861116,1.0,2.4,17.894374116419954,7.905233490972359,128.17004295714509
1727.3765549770858,2.0,1.1,30.282616081853064,5.716907236419241,145.99059424454336
1668.8907710071712,1.0,2.2,10.240361463172595,8.818833280940261,138.5821649464099
1392.8912397580173,1.0,1.3,33.35574745279679,4.856801496283866,97.97062971701484
1567.3018970334247,5.0,1.5,33.56026332141972,5.458149376411405,241.19424647533512
1324.527703974669,1.0,1.7,12.818621427174673,3.9815732748017307,59.61851708869074
2042.1589930913656,5.0,1.4,0.0,2.6094124728015107,191.40512574967923
1791.9304683045216,5.0,3.0,8.313608909349492,1.9762331608735728,191.29231583921143
1392.1110982642613,1.0,1.0,24.51661008787613,6.1462556264824,63.34939576312365
1460.3491933066884,2.0,1.0,21.084184480764332,6.190981795278515,120.59704129934707
1807.1128638320945,5.0,1.8,23.739628934625934,7.181960850371934,338.22094482797604
1371.2266739104014,2.0,2.7,28.828299046560794,2.15208569509971,154.0742114028322
1715.2626767387887,2.0,1.0,42.53535578144042,1.0,160.76071559176836
940.039014878082,2.0,1.0,18.75978971235951,4.612681081440564,50.0
1112.018112638651,4.0,2.9,5.653454347729868,4.618192416545402,189.18266731850377
1933.0896010406443,2.0,1.5,1.1523965858111538,3.6205444518716523,160.16750687549094
1417.8020754512088,5.0,1.0,16.34924030937473,3.1510680237408915,162.05257585107807
1210.152982988875,5.0,2.6,18.809173633914458,6.678698228463205,219.88213022860683
1728.2539962934434,5.0,2.0,20.901289919227455,8.056062718775665,254.38093289322728
1304.3733334220817,1.0,2.9,3.655504439864174,4.563908209215253,100.42419161222725
2253.466965475327,4.0,1.1,0.0,1.8642811492690883,160.8541770223403
1149.6661346196195,5.0,1.7,23.251633456439436,1.9667149011584177,172.08534577628862
1589.8943063512045,1.0,1.7,33.98652306432001,6.53175655896123,156.3619056006141
1387.5533830134582,1.0,2.2,4.4218426873404155,4.261585599105108,50.0
1857.1938824359024,4.0,1.6,34.24331203161986,5.006092040306829,240.76675546976168
1979.5614336289025,2.0,1.2,32.03192687927179,3.4376872437377717,188.6516952321495
1113.5077147609386,1.0,2.2,24.390732232127803,6.147488842008826,90.2152051944453
1593.3926020328654,3.0,1.7,45.49936061864571,5.926369590535169,223.285221569001
1840.6860441548833,3.0,2.9,3.4055973138254885,6.864383128520769,178.97459286369445
1642.0415697105686,1.0,1.9,15.985383636518097,6.9030995411480855,147.04885506769944
1584.9863614638427,3.0,2.5,16.11642539443884,4.070765405403214,171.6304534589004
1593.4958568014335,4.0,2.0,0.0,8.276719464541882,151.3002869820312
1341.0719388698883,4.0,1.1,27.699011496700344,6.830804235404148,175.41080873568546
1445.6327480345692,4.0,1.2,10.25940442517861,3.7049163887296817,171.46105041340232
1684.610245203916,4.0,1.9,5.968419469331071,4.4809066448321655,190.36774638481887
1708.043673574198,1.0,2.4,14.119810401213055,4.042325087983191,150.48939368363364
1697.5632818018491,4.0,1.2,50.15306808149525,5.57173078144981,193.01215778312954
1258.8154755817557,4.0,2.1,24.61018425061955,1.1718798588250654,118.04822589908686
1308.6780047246052,5.0,1.9,12.035045674972736,5.5783372878156365,225.51826962827107
811.1457140588286,1.0,1.5,11.741947257626247,6.202413497858229,50.0
1375.9604516630172,1.0,2.7,23.90420759874329,4.280462708421829,120.39293168107852
1405.0774650915594,1.0,2.4,38.19646549968775,6.218276241814354,135.26559281122294
964.087360393594,1.0,2.3,10.66947791668428,8.406345219836076,50.0
1440.923457600933,4.0,1.0,13.031283828265725,3.7399500409322113,102.37665371621405
1817.6185589651636,1.0,1.5,17.407973939053036,10.0,158.8372935581778
1008.1547512423697,3.0,2.7,14.112933409086907,3.792038748061541,109.81859865352983
1195.57298079214,2.0,1.2,10.260836824009893,4.592839279795276,80.07843378967526
1604.502521773838,4.0,1.0,6.532549003615561,4.165139236021136,140.0434878723536
1384.493456486141,5.0,1.1,25.74483477111393,3.9475042869651578,189.34090677549287
1470.2472408661852,4.0,1.0,47.69955494071499,6.744914656560289,226.55866802438462
1557.7790756193915,3.0,2.8,55.88164452910989,4.557915072925899,245.7524760208737
1566.4675420872632,3.0,1.0,38.52127871067192,7.841008574542126,154.87865453968294
1429.7940422679055,1.0,1.0,26.995375616695018,3.3782849775793236,50.0
1850.7886771337019,5.0,2.2,40.732384865562906,6.014548062214596,310.0943124761785
1898.5922484744692,3.0,1.0,24.6977671079747,2.525146723554855,176.2523502446033
1242.9444404616602,1.0,1.0,3.109190586334247,5.98812783795104,50.0
1836.712265610948,5.0,2.4,13.103530762542857,1.0,188.31032954740976
1479.562972449614,1.0,1.4,25.45955946279107,3.803124838837906,81.53457058309235
949.0920648688808,2.0,1.5,13.50839174617417,5.9596540707336665,82.48438723729807
1842.8468443545062,1.0,1.7,31.27899549030161,4.9305764605895135,172.8427222118443
1472.4881927564622,5.0,2.3,6.683457326921889,3.3278756957999507,196.92569999260937
1596.8155681014268,2.0,1.0,7.591535846715155,4.96297372801522,126.0420088911705
1686.6209970918146,1.0,2.6,39.93399979303115,7.163533455345657,197.8454616468643
1218.0290696673405,1.0,1.0,32.44212262897623,3.4745504428675718,66.73124287208779
1566.16242810416,1.0,1.1,38.269387284583374,6.666667823560614,158.96241969464836
1824.807316166122,1.0,1.0,12.93313022273182,5.972072578835274,63.84930489145759
1342.189547199726,4.0,2.1,0.0,5.841945888778779,147.75753253623947
1624.4318672366373,3.0,1.9,44.06508662462895,5.991610042055141,263.9649102286587
942.1989685019828,5.0,1.3,20.68237214496128,3.923904483019723,104.34534301252873
1799.493269444388,5.0,1.2,13.525695309229274,7.434317041650993,237.71958004094674
1646.8123683683755,2.0,2.1,1.6680828666208178,2.7418964575655416,111.95154632288265
1699.8937502727636,1.0,1.0,26.938869392809266,6.358746565913007,110.57464178155956
1817.5273460548763,4.0,2.6,0.0,3.070153078839791,172.55153375750075
1040.1898320330208,3.0,2.5,17.05579022918095,6.900031657339291,151.58408947311128
1573.1402141313597,4.0,1.1,11.538820538949075,2.9575343657385735,117.36406746076831
1136.695140071263,3.0,2.0,10.222458382967613,1.6769598754620803,75.99155714595437
1545.527397674622,2.0,2.3,7.472856475549655,4.848097952714954,125.80656450307914
1973.2359839290423,3.0,1.3,18.570567014195717,5.438300655327878,187.23679523427998
884.89276281474,1.0,1.0,31.087707420523518,5.972369583123878,50.0
1786.590167471326,1.0,2.2,33.14070188794692,4.088920947952259,135.1577795660874
1777.0525848142106,5.0,1.7,4.240650172582983,5.169010291385725,168.8355601256932
1301.4640605694835,3.0,2.0,32.78650002194336,1.0,94.81402939370344
1615.896995343468,1.0,1.3,16.932931685208178,5.482643869833562,50.0
1160.8153995187422,1.0,1.1,29.34066835850403,5.390049968056253,88.93851629060553
1443.26388276689,1.0,1.6,33.82475167886689,3.2024319033537436,73.57051078631031
1577.2651172168294,3.0,1.8,18.88331126350749,8.77237180242106,172.68090181983365
1233.75234665937,4.0,2.0,13.438125495148842,4.758103702784437,138.3086119519762
1787.0106950383752,4.0,1.6,8.210158092380757,4.695060327238912,176.74407568857325
1401.7013560206694,2.0,1.6,14.118377703017636,6.937289981065779,86.72388548520576
1644.302769521014,4.0,1.6,23.35826036418697,5.218789589209786,188.25699746504702
1353.3451734641178,5.0,2.4,3.2057385006648325,8.769172611869218,260.9390180525743
1515.3593705643257,3.0,2.4,12.473237107827021,3.745373108097394,156.55643671747006
1176.996261758696,5.0,1.5,8.562211412801027,4.785470468378117,121.12336489790833
1422.287356253789,3.0,1.8,17.054752263725327,7.060566908063684,166.06453320452405
1284.4667336242692,1.0,1.7,16.79829272432229,2.1038313170053518,50.0
1642.0777291905545,1.0,1.0,6.208636486492953,5.137125949612055,76.89976518781967
1540.9605993248213,5.0,1.9,14.520176730318369,3.6445692604957878,248.94816858166476
1391.1484318681023,5.0,1.1,13.317462178988423,7.81869488037116,232.72600844651373
1814.612137924969,1.0,1.7,44.831106696324426,4.611461736042961,203.23282676943228
1439.8942266617507,5.0,1.7,23.47763138202272,4.411514988727085,224.3232203007109
1143.2302604768613,4.0,1.0,35.809786567743146,5.378656614584748,160.6479222208281
1279.6225269605852,5.0,1.5,7.846213444784285,1.769736368188981,117.35756594887518
1423.5132619338906,4.0,1.9,18.118186099956496,6.094529594755934,174.98018446736276
1871.8752019324684,1.0,1.0,14.056554828473601,3.608610245605872,99.86831972889708
1790.870707725872,5.0,1.7,24.90283100915656,7.506265649536487,221.3732017379262
1192.683707599713,1.0,1.0,16.211477729102597,4.8809492878764,50.0
1409.6688913232133,3.0,2.1,0.0,5.342736562379941,104.03369678892506
1648.7045663917813,5.0,1.3,22.256283577153646,5.434865746359446,216.8908762075173
1205.3117897235961,4.0,1.0,20.88476332384396,3.6835031753323033,71.13812588948026
1618.745934328777,3.0,1.5,30.392836337267173,5.2227452036801045,166.51190135848964
1767.059523337436,1.0,1.0,35.52874002085629,4.539198571588465,117.21404405314027
1094.833210697105,2.0,1.1,18.86192823972465,3.347776016570916,50.0
1470.6254260671287,4.0,1.9,54.08652080670323,7.692451512405496,266.6184438292979
1096.2060959259754,5.0,2.0,21.89569369319618,4.050192686754951,152.4153295447277
1447.6937226291493,3.0,2.0,23.379618830614124,2.960671322615769,149.8663975060501
718.7358430118597,2.0,1.8,22.984222201947418,6.773774780194601,78.5691912287022
1529.7996916287677,1.0,2.1,31.270806850576836,6.0018343752487615,172.4380973420666
1675.7712603493947,1.0,1.2,8.948447960785671,7.650864218190157,69.51271925522254
1436.3373090296545,3.0,2.7,5.721223099666467,6.204236640784967,177.77479103858792
1080.8645444661026,1.0,1.4,11.246010104809926,7.65159329508438,55.265879964621405
1443.9311525514045,1.0,1.0,0.0,5.170418899267802,50.0
1486.9569150558414,3.0,2.3,0.0,7.339179984855547,171.75752037704237
1867.0706647255884,3.0,1.8,36.447038507163256,5.778318391335858,215.70189814371008
1093.3657490663131,1.0,1.0,9.364685635542644,1.6253113057785793,50.0
1666.016694922328,1.0,1.0,19.49112161108137,5.571606573589466,109.01604611743457
1853.789155219148,3.0,1.0,21.012777221151634,8.102303951045046,208.4529924035346
1418.503466902184,2.0,1.0,45.10178135447806,5.353641744278796,137.14027377957444
1524.6851967826271,5.0,1.0,35.98220562598027,5.534100531738518,227.87166513065281
1600.8434889078687,5.0,2.4,16.587856100698882,3.0532423239459305,193.7950902709943
1345.839924798992,1.0,2.0,4.111797171665726,5.733196492193697,78.464259928783
1304.999225752962,3.0,1.4,22.529820079500915,5.153703765917537,145.89669441754913
1948.4814682359709,1.0,1.4,20.619884484059277,4.924858710041037,138.5140802608009
1543.5191237878146,1.0,2.2,31.89763532328016,3.343607454069531,50.0
1619.7408343056213,2.0,1.7,19.435479463627274,4.806573776259215,128.60524392898438
1558.4527020810415,4.0,1.0,4.704570204367149,5.362502325204101,139.74288318600537
1886.9258262248236,4.0,1.0,30.097720269049375,6.506683242209065,186.21891493073554
1751.5472323354925,3.0,1.8,21.227440378213476,9.985999034865582,222.38189113979698
989.2249187286479,4.0,1.7,35.437334559884654,3.0432544447699357,146.20828639558746
1548.146887192044,1.0,1.8,53.18796559095863,5.0143569338158835,133.80331298477586
1856.2158154694253,5.0,1.8,58.84345463027921,4.625711469990902,290.53201709079235
1469.0334741202512,4.0,2.2,23.980435240994428,4.725256423201206,200.87059276426055
1030.7275164866846,5.0,1.6,44.25818862452936,6.168825960944968,246.09005486441527
1493.309914884584,3.0,2.3,9.666716861368917,6.033893031496742,131.60549226231612
1837.3060079611507,3.0,1.9,14.988841535300892,6.144114883428288,182.4392174926988
1767.3911060609266,4.0,1.2,20.063447884912275,4.888159102955574,161.48471571636793
1270.0030236649957,5.0,1.0,11.756642961371298,8.438755812414593,212.97830039474331
1236.4578595973821,4.0,1.6,31.136883703889303,6.890423069222967,190.33890526928852
1394.0501121567936,3.0,2.0,25.07725765192537,5.6515926331643325,179.89162554987533
1647.8959375543377,5.0,1.0,19.137233704918053,5.328589530741138,237.45249773586602
1701.4020229351397,3.0,1.0,23.197949423565337,5.230052158294835,89.27190136975494
1731.5388531706983,1.0,1.1,25.343791830591254,8.452453091271265,192.33500342478982
1711.0283750361928,1.0,1.2,0.3894532665355399,2.268765191619701,75.52123945447711
1304.2128062092827,5.0,1.6,13.307248501778304,3.6378966850502383,168.2270073120389
1794.5296460974782,5.0,2.3,15.127529247370664,3.6236993096445524,271.5653087171451
1969.3930967442018,3.0,1.8,0.0,8.076073132931938,176.9398297782904
1558.9664329534723,5.0,1.4,35.477668092029525,4.12053788345165,218.7009490004119
1779.9384217023207,4.0,1.2,16.659189488350894,3.8565079160878772,175.96945320876108
1510.2457252464073,2.0,1.8,3.6913109170579617,4.025542871772895,108.68141230039845
1564.6189516368863,5.0,1.6,27.62402959511884,1.0,135.64065731915235
1168.0422273774989,2.0,3.0,58.60039704874791,7.253130059095515,215.37793028744858
1368.9707288285347,5.0,1.2,0.0,4.737054808656664,139.45708289173896
1088.4770612209484,5.0,1.0,44.1317128360156,3.58042201553293,143.6072453596495
1330.081622635583,5.0,1.3,32.474251792706056,2.646075774460064,229.07451088767385
1273.2764521521467,3.0,1.0,28.047647653556055,6.984084699073046,129.08183151749756
1683.175723585147,4.0,1.6,28.396856718965598,2.3293112825797975,153.12247571642166
1019.4102564308495,3.0,2.8,16.309062678050772,6.484254982143785,130.64119627499025
1559.1947122216786,3.0,2.3,10.735221568484747,7.472261443612435,171.4843868666689
1769.1198590661397,1.0,1.4,39.12312561918083,3.7905106709235747,123.38977984641171
1311.9098826636698,5.0,1.0,47.186728369953926,4.930023019006077,210.89520118389464
1033.8723701951808,1.0,1.4,32.26834487037543,6.340961234482425,79.91290659188994
1377.9344266486876,3.0,2.4,11.978649937335154,4.487438351496855,101.15288445587322
1942.9621049177688,1.0,2.2,40.70137031221177,6.304645756826839,134.46366085021978
1677.5442401224134,4.0,1.9,14.689389335884643,5.03923331538798,170.64672511834127
1328.646303065161,4.0,1.3,28.588741720342377,8.595373053699046,234.52120715176085
1635.1810238587616,4.0,1.8,0.0,2.4137169124827045,122.29839533138684
1304.519895718255,3.0,1.0,52.15916133987989,5.43291717916395,165.03999939125134
1647.2924854914754,5.0,1.7,31.02316679074726,4.502617747632906,218.96397812267404
1342.2734934957716,1.0,1.0,8.61301007669453,3.8012147091119557,50.0
1317.6534038716702,1.0,2.6,39.454918198416635,4.763862946017842,81.81535450542468
1694.1587819108222,4.0,1.3,12.75220306550939,1.662831852244821,122.05474272877316
1244.84386373721,3.0,1.4,11.29214825292916,2.5514035274212685,81.7536680683799
1338.7062726660552,4.0,1.3,29.831057447753558,2.9887972486210685,110.96486781779373
1137.0915771476677,3.0,1.0,28.998930949943066,3.1213292123624914,50.0
1795.912951771781,3.0,2.1,9.320401591116159,4.405247841513787,183.1575462724998
978.0858663665701,5.0,2.1,14.563385878953017,1.0,94.91052095487984
1567.3355455679916,1.0,2.8,35.70647453918232,2.5484686739953175,130.91799525028034
1324.6634124448685,5.0,1.0,8.759634658658337,4.401636455145131,124.94332716553936
1473.2639881461635,1.0,1.8,0.43295749242720305,4.934610503811814,50.0
1825.7686697494735,3.0,1.0,27.12047349319929,5.056362314738257,192.5136518172996
1480.7435468674507,3.0,1.0,21.376287266725594,6.490010625754563,166.72682742729071
1394.5757292858802,3.0,2.3,43.45120038248162,5.2897756661937825,176.43332455573295
1514.0941781294225,3.0,1.0,13.249017927811344,3.8012499540924543,103.96937323900542
1347.917047388661,3.0,1.0,12.934425415725158,5.487374422983825,117.16825471913654
1598.8526206719027,2.0,1.5,0.0,4.151527333203913,91.30078215791568
1616.8842532112712,5.0,1.0,6.975609021854503,1.24015122972191,150.11342642500654
1462.880195970073,4.0,1.7,26.86708414888677,4.321755441459922,179.55187399385184
1090.2132866398397,4.0,2.3,38.179159780796006,6.234011899153395,202.75245807979994
1182.68672131323,3.0,1.0,32.338173681547836,8.704556369017876,165.65362297406404
1279.3410172230701,1.0,1.0,38.54139762815656,4.7775478773026,97.76874446360472
1588.9730815590915,5.0,1.1,39.01477266781961,4.004855003381572,173.77003216382718
1816.1406156104708,5.0,1.8,0.0,6.121569052736469,195.80416579920666
1903.6260138464934,5.0,1.0,43.89779939959095,5.942936714271991,297.29913372142323
1910.0622802333573,1.0,1.3,44.67451570251926,1.0,86.15544798666684
975.4404080285458,5.0,1.4,39.56510364317229,6.621616546319564,190.84217298033843
1580.2176942215708,2.0,1.4,24.825467092940205,6.838152965975537,150.65967464797606
1628.8022468405202,4.0,2.3,25.694594725789482,7.786909055048863,199.92371199266591
2002.3477300042612,4.0,1.9,19.916059717564302,6.557873007024228,188.69470342385435
1988.7499094702835,1.0,1.9,11.27326949911919,1.0,62.78923391665657
1754.8806291063074,2.0,1.3,25.35523228947571,4.013998130682334,117.7316894973371
1555.413142434325,1.0,1.7,34.068733062659824,7.014887946390397,147.8472797927526
1331.4473701944903,2.0,1.9,27.190414301441336,1.0,113.19332813631934
1856.7049593322656,2.0,1.0,41.30756371984782,3.8890457616794905,127.58336550367312
1460.209876085228,5.0,1.3,5.382060429940378,6.345147402405463,146.69126634091026
1162.353285810487,4.0,2.0,56.68627969425239,4.8888306581790895,194.6511413510874
1148.329873969008,1.0,1.4,26.965547953198612,4.346607573627272,59.43530398890408
1677.1964492076927,2.0,3.0,36.63055370874362,6.167856370651927,192.0646277505395
1397.8203879270416,2.0,2.1,27.502145496708255,7.346884553264889,160.56671753411837
1562.1801988196833,1.0,1.0,21.040165055543756,3.1562803737493734,66.76252970906116
1168.9900181478379,4.0,1.0,0.0,1.3275892537934069,50.0
1090.4934613720093,3.0,2.3,30.522421728870718,3.418236416610869,111.436323001721
1305.9189666883278,3.0,2.6,30.473349704203848,6.849267365825538,207.0965623846451
1198.783620947397,4.0,1.6,18.568036293663905,10.0,164.90249614733585
1384.2982107066455,1.0,2.3,26.517539691369585,3.5204576720540652,71.12863733256896
1530.7453926474623,1.0,1.0,12.757586137896226,5.700740432772676,88.9760570224956
1723.2557130945104,3.0,2.0,26.32319125304842,3.731428304621194,170.88686948047473
1500.2048456872449,5.0,1.0,31.731950022971887,3.561781097101628,247.64148678798682
1209.5862724469264,4.0,1.2,15.345384419226445,7.475307515023996,160.9483179188199
1160.9388825978228,3.0,1.0,56.17515013367632,4.754582132808552,154.8564370003901
1518.5039549543915,1.0,1.7,26.432247504958596,7.29727469885743,104.4573322793658
1537.6729360414627,3.0,1.3,17.403922635741957,7.751413626623239,147.5956830855233
1388.3042841186232,1.0,1.0,26.55969780558441,6.425424057722663,65.55683609332729
1181.8184800810197,3.0,1.4,9.244757763080957,4.838243004269078,89.41072887811012
1627.6469799720692,2.0,1.0,37.95870385467842,7.318148129911796,167.32004019374295
1310.5266812504005,5.0,2.0,23.797478570569716,3.3913684806800153,182.712877031375
1784.8783714093465,4.0,1.4,19.10877228091259,4.825129342445638,192.53654167856683
1853.5538069395268,3.0,1.0,0.0,6.6895487515634,146.94646319910595
1833.8065124969776,1.0,1.0,10.561049094608169,2.294659428312931,63.71093834310385
1713.2879904610475,2.0,2.1,26.663949672290595,4.5193492036837295,162.49582076725446
1785.434783117426,3.0,2.9,14.502394694479221,7.4937834310694384,195.98917130220536
1346.287727796992,5.0,1.6,20.837959097667454,1.0,149.13256659261722
848.5285785718658,4.0,1.0,19.878301975823746,5.392481881333441,103.02423913489932
1206.450136240018,1.0,1.7,61.328266155798524,5.583127353363945,107.1188178051996
1028.8498189130469,5.0,1.6,5.155577951444936,7.784004572689199,169.87050876686843
1699.4108235999329,5.0,1.5,11.70618743949047,3.0492679454435,183.64462077665968
1347.0579920427353,4.0,1.2,20.51661517558762,5.380847779850115,153.3830680069445
2238.972633745586,3.0,1.0,17.11458552828316,4.946972249101567,149.22426039216822
1210.1261040740237,2.0,1.0,17.369323161519638,4.678737760949011,50.0
1569.4337767576717,2.0,3.0,29.69734306588656,3.243353845640522,171.3565035187529
1485.6865931574062,1.0,2.1,19.945961913641472,5.85091512356993,91.11288183886037
1296.8514865463665,3.0,1.5,34.62679600126627,3.2054912570283367,127.13191985850057
1363.1637517577435,1.0,1.2,22.72139930170957,3.4600078676050856,67.91990111768727
1480.7584960221022,1.0,1.0,24.931436154552205,5.605270930478066,115.8442754586832
1520.9406254970056,2.0,1.9,14.220296047073596,5.39811939114694,86.65232479167588
1344.5189345179058,5.0,1.3,7.872595956602186,5.7142251430234925,176.84762368480622
2038.7633019286563,5.0,1.7,10.808169642734207,1.9685117700055361,263.2442283018221
1139.3551421771733,3.0,1.0,14.064789323656044,3.8889064410262666,81.13468673750981
1437.4595368378775,1.0,1.9,38.09912232295873,4.139381360090715,115.66425508274818
1126.2783663864036,3.0,1.1,22.597713887767732,6.712797588646945,119.76423493036422
1555.3901575596913,1.0,1.7,23.898241913726352,7.614285508564857,126.4817251671594
1977.8009994848653,2.0,1.0,20.290161062176313,5.421201678595284,126.58245858486966
1095.1271365345403,5.0,1.0,13.771793481420927,3.4402941075567224,102.14506930616935
1706.9123415735583,1.0,2.9,12.455378441729852,7.7629081573809735,168.14190350248532
1693.564675785017,4.0,1.5,28.334066990051728,5.571108149715314,219.85931402045966
1649.9055330908802,3.0,2.7,27.080034063789114,3.839893517259914,206.79907927373065
1307.5539272867072,3.0,1.0,27.31808427306611,5.851774412386072,138.78460702883024
1774.6170826680486,1.0,1.0,11.756895881066976,4.838800501406478,92.64125224410881
