income,credit_score,loan_amount,employment_years,debt_ratio,approved
87.41722139252525,401.8231108612408,138.23578503059392,20.18108982626694,28.59979391417964,0
191.1285751537849,598.0455210580969,131.01961154527993,23.90044191574117,40.27161646499932,1
151.75890952605292,780.1202097320245,454.06474445530796,7.514036963774969,38.008046489507954,0
127.7585271554666,702.7236875252586,132.277637926258,18.74622298820997,7.694995234688684,1
48.083355279638575,743.6086313237973,143.25536580302918,17.15237949431246,7.462473487073695,0
48.07901366051648,662.3308516908945,382.10514858480224,24.984911303648133,13.408718387245667,1
30.455050190275905,680.7521104848188,230.37252280076459,27.182611814437816,18.05373631705186,0
175.91170623948832,767.0576083609255,390.5881729080388,0.3647031443216042,20.42277907042413,0
128.2007021137776,437.3174048725523,42.02941720654877,20.22059757176378,33.98486084166726,1
147.4530640032882,569.1837300037273,248.9098848999583,1.5550739735918706,2.83402160829177,1
23.70520897324444,421.66519300078124,26.47066408980849,16.465759952320678,1.7336352113033193,1
194.58377338915898,843.2174043981558,40.700069693123716,8.628981871310346,19.595528147195452,0
169.8396753440759,819.2326368276373,454.15435213876134,9.203297985664236,34.85818460689902,0
58.22103992208971,321.6847462526782,78.23023184762162,10.588755103570698,9.671767147824129,0
52.72849409727811,688.0663448836286,270.8861343148564,18.638773471488303,32.07522406281259,1
53.01281177361809,808.8865745786162,211.4368452743462,10.021498970063076,12.991406897014974,1
74.76360373271679,399.31643982003345,180.19822986683292,21.98097151770841,44.30430544067582,1
114.45615769380281,612.3698768039462,450.91833938676353,12.135821567216091,44.78449721333082,1
97.75010335558083,803.5185636734229,20.693464419989855,2.0505960092987587,14.864360214066325,0
72.42124523564755,318.67028822218936,335.2569462260387,23.512795274523217,11.499687698162026,0
130.13352105002832,683.581146985762,482.0632727646397,8.57274973778118,20.565198603311565,0
45.10889491736753,463.54195405490293,284.48240989630256,12.983006387977879,12.026579259007436,0
72.58603673633927,808.4179074570917,469.043006396215,20.563316496657045,33.61919216458518,0
85.9451317928645,834.0820348409522,35.606360850151646,9.97368471446136,41.30323422741428,0
102.09259715906647,819.3465690123886,215.2087263463391,1.6975696844014687,33.65460654556085,0
161.33167305074244,560.817819161605,137.47731757140508,11.217631410384408,41.21752236246748,0
55.941280788504756,774.1234580441223,368.1022728405576,28.333457480829104,19.84960811037371,1
112.5621989144501,764.5021691942886,490.8355743436509,19.252031918956746,7.815848535443043,1
126.63462239516764,475.50526028379056,135.69973059768142,20.14437446001621,36.89754736987961,0
28.361074289599593,755.9035107828726,330.5455547222965,18.968464609129196,18.023725257077693,1
129.3580733422589,320.35419909352095,107.06784005227266,5.969764168783104,33.56354126145663,0
50.69434226371247,627.9484331651292,287.01182474008885,12.550015923068404,13.532197099088282,0
31.70928673735031,426.5048605082367,237.32691847728475,22.52819395089955,4.061481740333633,0
190.79939670559997,366.31178717750333,486.28261151945316,3.0411869265947744,49.62908977438817,0
193.81376595342067,342.324260896065,308.1783636212686,8.335583282691367,7.810075396529964,1
165.511522660963,682.9588267329768,181.2581223225412,8.289573253975608,49.42104969817405,1
74.83047845120672,486.9312300724364,65.90693459508735,12.96056782783518,48.86399662832236,0
37.5809805211491,698.6217243408188,84.11094608011793,29.411062228265553,39.69090519540198,0
143.16194477218824,335.94598743941833,120.4052956761052,2.025076400514658,32.97114810409988,0
99.22744887312824,473.4096858068357,132.97366405674603,15.561029831417851,28.890352512554234,0
41.96688227206019,596.7202108064355,426.80186834215755,5.380940460366314,43.305077268891736,0
109.13184382002864,734.8977406614299,284.9991662584372,29.120296362292322,14.471976080974397,1
26.18993380073931,475.31387661263847,266.46154657343953,3.399105141823926,23.38406062424385,1
183.67767237418076,644.240257040355,66.23674721591655,12.108030070847738,30.969498468325096,0
66.58039668800305,787.2877615299029,431.46844974122314,22.136549545038186,20.559523793474554,0
139.25401118371676,638.7247535002675,364.17900857215704,21.13663284082336,21.3743227045134,0
76.10799369609397,428.12771111449854,43.157497331000776,12.681859106817967,16.51423337510422,0
113.61224381200594,313.4204298560959,356.83919764258667,10.395725038581547,28.2115908342268,0
118.40785028179033,778.5543806455114,276.3337264978966,11.928371356586117,42.5287264007558,1
53.27380199459487,311.6981759677129,50.045419415921344,7.928287894759178,10.076418900315643,0
194.52523299762055,781.0859199763097,234.56731434904165,6.159988161203994,46.72165193767207,1
159.52390820500062,590.9154237149667,247.50118069372303,14.491190926766699,34.45438268741148,0
189.10980948155404,816.487234182093,91.22952468000511,8.05601268202822,41.16366063400151,1
181.0689230769768,739.3307796755159,473.3920920301383,8.623849946917503,27.809534631500583,1
127.62199618599533,848.8637607933356,426.48793202552434,19.702681904236712,38.97583507120317,1
185.93736230416104,492.89149849844057,337.82094529126306,29.056119950996766,0.8100198669733605,0
35.92865036934551,721.9535589121198,236.52482489029754,18.109116016781254,40.91902123897676,0
55.27691523544613,521.0620024850832,211.76511537640917,2.309384011948988,2.006942954268326,1
28.14091200389685,563.9315911671499,328.97699890396757,2.267508415622009,44.49566881814312,0
78.55945953738758,645.1280047701035,277.26161600938366,28.54269662536698,49.59813736193217,1
89.96191214410676,780.5224128024863,40.51382188212395,8.918723709220009,14.70337310883889,0
68.84282571930126,841.2459080596124,261.12629789746256,2.762009582474263,10.515927814289682,0
169.17275164734727,722.550377625485,405.13777244409135,17.971337614511448,38.26816819290204,0
84.21559880484607,529.7717301920336,235.02754002250944,18.709463348707985,12.651317046012661,1
70.56821174372854,531.7463512523886,35.45872300159152,19.455144603560644,43.278119158610174,0
117.68529496848473,705.6702658738903,395.27631769817623,8.02206083572624,5.142129607873835,1
45.36636049545727,431.3274301725663,108.66825324662744,0.453320526434251,6.297759818967913,0
164.39545653572713,360.7607622222671,136.724209095139,28.950461083634156,48.957577755030776,1
33.41911586235875,495.0421867024271,90.70611318182499,7.526791370733075,33.69194491350023,0
197.6396485880931,457.981445409745,171.8053817870338,20.280788641576425,42.34436122144764,1
159.00405847339835,462.96946625079454,380.80823778743115,21.19889609636129,16.2164688675759,0
55.76882267615103,428.48426307745046,264.4990711569293,18.300222512384572,33.82418747603022,0
20.993981082248432,323.15125429999904,110.39182433384916,9.387221826409446,29.71209136542986,0
166.78305712187014,309.8306641033776,440.1367382945,8.132887612921973,30.15750600614735,1
147.23432189257107,843.2473143548174,440.9951089262493,17.930048481081094,34.126622976886075,0
151.2212902473777,535.2752235547243,436.58342827254336,25.982869008350747,28.76795865645493,0
158.82866240347025,511.37965593782496,127.01014357695425,28.402011867701866,21.453118465133297,0
33.32803731213627,673.8060054811884,231.10727864868417,3.1771741321127287,13.796134719027343,1
84.52383113796907,420.0396383257853,492.64493150902877,4.6448583779315955,38.4290665456601,0
40.85643071452335,822.4786511726239,388.2861133918953,28.34208776349239,11.31362150015931,1
175.35861665760683,732.4897579285537,23.312036400524313,22.096056850043777,34.61771530772071,1
132.19366282896044,349.1760512717427,41.9502497176411,26.48981474489319,11.666641132466331,1
79.56164447347686,529.6694266817105,237.32637463804306,6.0789790240602946,31.266508497722693,0
31.440503051484257,783.5150691591906,455.5179008721645,17.627576133282055,37.35391335645144,1
75.9768179088192,819.6026122602757,273.96388099682997,21.03418783252421,10.93569444532696,1
78.53299796481447,557.0708311874283,253.9281289368022,20.40335656340918,2.997165043065414,0
151.32911210085155,637.3762640658892,61.68211297874899,12.244550726000943,6.548687149708704,0
134.76034484393836,391.86867035064137,331.82225131490407,0.4618467507392543,30.299848363551273,1
179.69829366373878,845.1427443753371,412.83054869411046,17.487781704127894,42.47232031128678,0
104.99868652915087,427.41943576089386,196.40580367870555,7.593046175388263,2.2498410617712183,1
41.526964268894304,818.5024757743191,390.04980695341044,13.50762738428671,36.70756295208231,1
148.3840617001391,657.3056569458026,482.5935604113977,28.72743045251452,17.065932297502606,1
156.94130875104153,634.2552371833725,109.84556497256766,11.971059529273042,23.926418495976126,0
121.02989556250932,581.9786810590797,266.43151928542324,25.1940481999328,46.44297749227828,1
158.77409239182097,426.8683964447673,150.69759946144202,5.656218172477534,16.598575236792275,1
108.88320734559034,397.09041760302955,398.49866532658126,20.173814940750866,23.2668466969743,0
114.09190928875893,421.26741498859644,293.02074928176717,29.310208633168305,0.6841207380340553,0
96.95738330453894,402.54104417934,320.94538459964883,3.056793026188104,4.0799360002419185,1
24.575442813937133,728.7714604617142,400.9779382117881,0.24959826681576036,12.929579556739201,0
39.4204568587948,492.56889254170153,204.0255316046029,13.00748377897843,1.3926120410537202,1
25.657253423612165,331.81347210986803,458.39413351945115,2.7787644915410157,31.56876630241255,0
134.55387402748048,833.0064465774462,271.1841449506086,22.45153049028694,21.319917840081125,1
76.5840765937388,786.0822367298841,87.39786318932052,27.43645991545677,27.407260136401103,1
111.5427244096465,810.2637557573671,350.9905679027132,13.020629181262764,8.732359294816478,1
183.36196530669673,847.1993024555394,398.69806171474465,7.761349264663229,14.796601471830806,1
64.87260124679749,395.64238707071803,165.21322176308806,13.032099570198293,33.191223742636254,1
93.86892614641336,517.9331103964623,430.017835929389,21.70343453550003,48.26513618151999,0
155.99920493774877,717.0311616372502,454.01019483522555,0.27162484741112936,2.52083868011046,1
61.18366978849204,682.8113399295858,145.6831988151264,17.683619684540915,44.519216042763304,0
33.85638376918274,384.64274848692025,491.92552163045883,18.398750546621372,28.844060065560424,0
72.15526152447825,748.7082187448398,78.94864874389162,19.130647406878065,28.195978337781185,0
49.0198317057208,423.4423145101634,108.98767751722008,7.260662399426316,25.013926760388017,0
187.34557742166317,423.0996881524427,100.2701712266328,21.421581701343804,3.4697042952091692,0
165.46166832159506,595.3359325913775,448.0549579038565,2.741744589953292,4.493842586808033,0
134.01267617187622,626.1169641629367,330.60335063923134,5.978110094004024,30.045600282954304,1
176.86290623378918,619.0474143107962,84.5310987789137,26.324101399634458,17.047928571777916,1
164.66097384184062,350.31776056876515,225.758475000491,22.161694521796992,45.86340332888403,0
53.58261059948645,782.6034744467092,311.496032284203,0.41236662034035754,20.329526867973613,0
180.660619728196,446.08002342378836,50.89740164479781,7.451287811094006,7.1640729351320545,0
117.08160354481713,371.23320670554233,442.384020519596,6.432194489794937,35.7359416751018,0
165.33922792953126,788.8114439279375,403.7657323663522,8.124189841109178,14.667671072050492,1
181.29643398622878,825.6083240263644,257.55131905255274,7.426793108396592,26.27351536779466,0
77.2406254949355,774.1701894959979,483.8920414769935,1.8757888722853722,34.8916392752585,1
39.80934641498182,745.2338410986829,214.70287984479884,13.76821549790461,45.01320556010352,0
61.0283292575495,660.3830893514619,492.21405632788395,21.982004243584953,39.6095597400838,0
96.87940195272614,602.9715538350266,337.2807994137773,18.201951741523093,33.818053393636205,0
167.24265786604877,347.8427179512756,320.9889238944313,20.186150057942392,33.98165911975718,0
174.93150498614182,524.6492671888843,91.31789869493466,2.434475356087175,47.296232201604326,1
21.251383495614327,504.9786843567727,442.14460156927555,28.544721305303618,14.791204874826802,1
111.93451446396183,442.8645810681794,219.46994708110142,25.154755015290746,0.05560470980937038,0
95.13398056678022,697.8810625287217,89.49436883341488,24.15270955486988,13.597727969909934,1
59.97940588473144,572.731654293324,16.17768478812193,24.689514151253025,10.8945689813372,0
41.57576612006291,344.5754187492064,284.2802849828075,27.98131524398284,33.09172925569991,1
80.77073085265303,421.10076107239627,268.4258148401114,16.327618983410932,31.68557998827645,1
189.72374670425344,675.7923200127777,362.4832749608877,6.008460536028776,29.67306913523619,0
78.17652776373595,341.8719727196651,446.22644597872306,18.503508235576234,0.812172160472685,0
113.38231191380589,768.1638027268227,48.909226475084466,22.28644481003817,36.438902722532376,0
146.54341260113202,572.3305898576859,368.43328026677756,22.13752180062076,16.176520624274577,1
85.45332842827291,564.3226175296563,101.83185260781529,15.643470725006402,33.25279945033156,0
194.92077488977293,625.8242815627347,430.50675604701036,2.0537615800073414,27.828921425107666,0
193.24051308958002,753.574531258832,411.3411217922115,11.133388152903835,17.13654627139536,0
65.32081324856554,491.2950643462062,274.9889399429168,27.62299825390072,6.7288133552053875,1
109.50473106062938,672.908883907485,358.0189713254226,17.53346729272278,4.720944883024048,0
74.15809576701854,611.1525801976851,164.0315554600367,16.149958297671404,41.57591665561118,0
71.27128898794416,446.86554859318176,240.87227047707918,8.065605431465805,45.9198771040779,0
26.639650523815902,783.246492495337,412.6020798781311,11.053467597497367,32.48940233821498,0
129.72158011638143,738.5843118838104,235.03994661487482,26.86038267459508,5.171705743024169,0
110.48222418119506,662.148509062134,185.32115000946646,19.99389142580507,20.101360844412035,0
29.266175224998083,767.819951001833,252.16409915264694,23.621610802569986,36.446960005257864,0
70.15636356259006,777.0118105278914,415.842133694237,13.630362692029653,38.9910442005034,1
183.48785947399767,689.5996371932691,174.25194321172765,18.907416583684736,5.91093111455443,1
63.121140320055034,760.3573306000196,95.14318063651446,7.451508262296226,0.0015359422691207936,1
46.08107697642016,683.609303918106,358.8868699620826,21.163824908504587,35.60685229403025,0
108.10149684996134,674.0774244681652,414.7293242269601,12.82804001110012,17.829808799310282,0
197.41708173990813,640.2362580183514,59.31236447653133,13.276365444442368,12.724066580913012,0
63.56994887207007,713.9941517567026,127.53831525041292,19.47966973730645,0.644873489476272,1
140.98439853305814,387.23280791119055,79.56627498288701,28.0884186440678,27.014970338074985,1
157.09153075916916,784.4789175594107,180.49129167526164,1.9201903982586277,42.557536771299084,0
62.77475791863194,779.5139402598776,230.6719796636522,24.742297120410228,47.881582313629394,0
151.07894275013473,316.08600566900753,376.92490511202016,8.771493312365793,28.287247530664462,1
86.20096388946558,754.1992128106194,329.0623165920203,13.317583635191335,25.72306638699471,0
133.8150495068443,370.87842711039485,314.2549980644313,0.6573998632502687,4.252819274462055,1
134.03534793696105,484.31536984252807,182.66372383873065,9.031382335029392,27.443640077129988,1
116.43944313345652,708.9295409603842,422.30930101153234,15.078937278903915,18.99895394826973,1
36.2521586097935,388.4179428265695,240.93071202510063,1.6852823204231704,30.356764044178846,1
170.35444920606284,749.8818632654842,489.7614196274257,14.732871881494955,19.436317393827334,0
77.74041169491245,757.673797876758,320.7296477649111,27.81331886575282,12.014956172518337,1
53.573331871973764,579.1072535684599,71.86972336660634,3.1617965432341566,4.748263761418825,1
27.339525479857507,303.5122294442585,341.32700541696266,22.93322184226513,15.745922229444787,1
126.36072977388352,457.870973246202,169.3009675615325,12.290131601279779,4.832241714387614,0
141.96158513161083,639.3098051066581,346.30032637618774,19.65521143573014,8.844847541199197,1
22.985809207014107,839.6523979150829,44.12416259957881,7.807097939556881,49.366807928977295,0
112.17675049387057,647.4974398591676,95.6919042162201,4.784767876240749,22.20517784533093,1
60.769239535628834,442.8919695852879,429.3112568638353,4.813878428136793,26.593588325250828,1
136.13110227370098,648.7031367047862,121.3179829415223,2.1147583692943392,43.680926436860766,0
51.38595722089846,596.9919588437206,420.1501513690406,5.569401147037291,49.77844502453439,0
144.36879285844387,728.914967333129,146.8452833426611,19.92658154966905,29.135722467234075,0
89.61236233409673,358.8393513548271,325.0121359287667,26.45071835530524,40.623691052208585,1
188.61139797261222,718.5653463761155,350.1337810198172,24.423770567734856,16.347051216833762,1
44.75376994627879,597.6966182718606,261.20082904107596,20.55402929623452,15.287197872364555,0
81.39194318904653,829.645602122447,159.60223158139834,3.31295590233308,20.13518604972801,1
40.42523382330603,488.02969132127737,114.1957444218371,8.675623388878495,33.625363133682455,0
186.4448512901413,647.9420412236715,26.262783735588847,9.29420625967407,34.10958446275494,1
177.9210836085766,812.6154580305096,158.93373660795467,7.498708391928637,15.76197173247254,0
66.42949298872801,356.3803503948736,330.0497673603287,15.450169791291694,6.660496206831434,0
138.79712828615223,815.4756679800481,469.7693610397565,16.066614446390176,31.619812823275428,0
167.09999603621884,678.3371472654474,436.8901963088955,10.706579255133306,6.416293109438226,0
119.93614608790323,337.31038250784457,385.3717405022983,10.61367476209308,28.924625411466504,0
115.33710410408116,465.52996182074895,396.33919819411636,24.85666793718244,34.67110640281545,0
63.5334123620813,689.4946487549048,335.8426027032377,23.678785449590567,35.03057481972258,1
36.758498205061855,337.04283080782443,137.54056020734146,9.233874950422368,37.673605532979835,0
181.49883643159882,620.1937530969503,454.52556504585664,27.41365331619778,43.642971078283225,0
182.0752502893995,490.2356813241262,338.6588328338587,28.584450510075182,24.997949598239423,0
133.95826230918823,641.5035347721124,284.6159091804156,9.802276260901225,36.51245947647856,0
81.02536238876613,325.15811859688205,64.38483991460572,10.632748463791646,30.958636768291836,1
82.85772343027895,779.345243383807,229.05721646514846,15.169024602658766,9.331996989884129,0
150.6720221966431,835.4189330475683,235.5755528889439,28.233624376010205,1.2844822434704084,0
181.47984679146387,832.8828204071303,433.6361686661083,26.289582994269345,14.227069283846689,1
179.67555636772113,712.3085074586086,277.85762789201635,3.077038877507694,22.15168531688097,1
160.3775982543723,371.5474320718476,196.39626899550072,11.781922298142486,30.855297221432814,1
135.56569630777182,717.0447577609624,488.6321609702231,16.601135692493155,42.497966525160265,1
35.14519369910879,313.5228040523408,64.25309072989468,15.093974176546201,9.812285835308282,0
49.09316853703048,312.1679533409485,217.04872987285287,5.81589203810678,6.277489494923855,0
181.73975393487427,477.9856205322477,30.592090833988593,25.76450313504464,48.173997373716375,0
129.15723073872618,568.7537547225661,372.5530191757959,20.30822348990512,5.402227968820355,0
21.655469290993338,723.7240797942862,459.8575105775838,25.137251245554108,23.92455350535946,1
38.264877715885774,675.8124571335779,147.21829147973983,25.762928380484166,29.278186439665095,0
139.43031843945005,545.2464885072116,430.5874216315692,22.450675609972194,27.068721045371912,1
20.911085092319365,450.4946664549162,153.18693292632992,13.17631803749152,4.3016078516471605,0
48.945449255149754,848.4184750867412,456.27737920551846,18.316402650462738,2.8513457001809686,1
118.7720820859855,534.3997162297851,379.4413327624241,4.810962183592294,5.274171373051784,0
144.54113558468478,548.2628633813215,404.40432065230493,20.20936252424723,29.279384193630626,1
137.3530267104681,389.99310165541806,18.823212244222702,5.377597672178423,27.217244381716053,1
60.36847570290076,737.1452518124611,481.7770749662727,20.818487715304705,11.687039601837213,0
148.19225984255647,681.5252241798187,366.0687861144584,6.88794482261906,31.888707092279578,1
62.704835749424014,421.4232870338182,159.32803673920532,3.526539004506599,41.00337510278247,0
78.57194566866819,345.3095750887135,416.403385780835,4.958534704288723,2.078947992329688,0
154.36845292124434,674.2746161410922,147.94538722331566,0.05976405657210804,24.90649717740212,0
136.93392182849863,659.9811678546243,437.6493813874027,21.56218853560591,34.465520605134515,1
172.86021388895202,450.2927398490151,65.16439130184914,21.97203147175137,12.615596353484355,1
138.37032061406182,822.9749592377257,354.8061289557899,15.448000497397784,15.388545264657456,1
122.29554860038489,383.0818404794951,274.94225355600605,4.840884031661511,30.68189514946919,0
36.86145820905665,537.784140573431,57.301890395766,2.5066301253206924,44.89676467218685,1
86.18884455069804,818.9887560921794,128.5279758468311,0.5738689931186103,40.49622101514497,1
67.73642618271057,530.8500243093672,16.077977775884246,4.972445308956621,29.156510954979176,0
63.91813580823504,651.1892712152471,239.69630307760787,26.725666049494404,36.51108588786246,1
195.14189985544022,518.6769188795369,157.61997777240018,7.246105251050453,18.241123510389933,0
90.75759044001687,450.8183612917685,303.1951673059018,10.62813981651647,32.04827640493789,0
180.5683799318804,841.1877063779056,155.64652577722242,3.1603645344399958,23.30907955637785,1
133.60495267950733,525.1337034732737,156.9603646384225,6.670839142445109,9.496806822878046,0
163.06603463749673,791.7545620235239,374.16466737848566,15.576737123406154,35.08691369386286,0
110.47467675893458,426.4750332400974,33.58998962939319,18.232580492869577,27.823231867441102,0
123.84269923274464,417.2075872137958,452.4185476440737,7.360569424986332,17.93107909767957,0
108.6531848873955,317.1237455864813,427.6092984516789,1.7319647767535162,45.566959503931535,0
55.14373780364801,658.4167539567368,337.2242947809392,11.73098607382196,1.0467058913366634,0
150.04138074707095,502.6894890480686,300.6785693526183,7.0261011277900245,15.7886575624748,1
70.53902523935405,775.3970374118004,447.2282240884296,6.586617696894058,2.844069888882328,0
24.37687395766169,560.2654486803565,100.81178796907008,28.795884081403656,38.32636581108136,0
136.18501326329022,832.5063853530969,48.694889473506024,18.489014577771723,35.10537270568963,1
51.879922293268805,402.0390336367166,127.35998325567367,16.706353295162877,16.567610936815854,0
189.28254518352458,777.742742375586,399.3433565630932,12.473253105699659,33.78314511035365,0
191.70714386046572,727.128269035458,26.988430695976827,12.868330002904328,19.796861309797492,1
184.67559023968073,724.0070145542286,295.5753491909099,16.227150115142425,37.812689571121716,1
86.62856604598,764.6307754642883,497.76438293374184,20.892894211083217,22.709183136835303,0
22.782190975196137,718.5631950186494,429.2910859803943,21.064382885454883,20.61398639158328,0
187.09734126579056,644.4211768972784,265.5083876313588,5.1508172311634866,46.73649577441505,0
97.07314669711658,372.18468272531317,41.18404555045475,15.003382562298809,12.543954994535012,0
193.9978674278605,317.8893987201885,417.3730220489978,12.35874285102306,6.022366999828272,0
193.4515958760655,806.4663162986278,303.4994690068332,26.115808988081525,29.22715566297291,1
173.5417019841248,639.1576729864059,66.31716855918775,18.942567636551292,48.466090614208944,1
73.00080057252542,738.0955100368969,55.990069563444536,15.975121992479455,18.891960686359333,1
89.31759114834655,564.8372933319025,455.71714152393025,3.461839265367521,3.101838181439076,0
173.20460087303425,364.51950392931695,337.90812883965845,18.169136679702344,16.96526336547837,0
77.04596092812997,368.85218571140274,416.3505316652102,3.5161171704070027,25.296582715977923,1
50.50869440349665,677.0609079759342,440.699661138311,10.116197266972563,8.096150331610685,0
120.22422724250303,536.6682421947045,290.1684525036779,4.285258944429956,32.9051109028246,0
188.50785934894057,410.2885996851852,263.54871235997024,20.762209410731067,49.88746945051003,1
145.28536340149515,570.3770007077903,220.9094310572852,6.187563415084578,22.58697379907219,0
122.6110106160857,335.3149153913238,165.30382801764844,11.755781195640779,17.736427836510632,0
37.49176887873834,620.0842710529193,222.95202082076878,26.87024332856336,20.035208341723333,0
130.70130080585056,447.94637243930373,389.20103130777665,6.129491501969109,5.757308919760057,1
198.20969301876738,738.6575053504534,304.94248119741445,15.234151918763374,44.16368007131119,0
45.21512274257432,470.69907740796555,447.33641207787457,12.57814983498066,20.7412827760676,0
113.29933742547261,550.3710819949906,227.25620704580197,0.543721231371892,19.363720571242066,1
177.92715294703197,306.39129694945535,307.47389357218947,23.782743407184384,32.984513646523716,0
153.3383511957568,339.8457882870074,319.34070101507444,2.0713771894379915,22.101671046556177,0
145.46283337914824,515.8714560236766,299.9316095300995,14.227650629308608,32.4116734403923,1
146.44713511767966,563.966359094418,354.290548811903,16.8203488481685,3.0723145065393753,1
84.70840721955594,630.0113014656171,126.34239950365507,18.852793698437612,40.68616718611137,0
72.8465319676088,460.41441829011677,261.0582509974374,20.658948879236267,47.02519764397013,0
165.68500798613246,682.2400373695984,61.07015337609036,7.598171505681453,32.4382693079693,1
165.82041104225254,773.0673184540625,198.41055054595816,0.2993632997534812,47.72829644294054,1
176.07301734441867,728.9180438913424,248.95686362441955,21.70330987064736,7.5716157184981645,1
184.38329946016484,321.79035394159644,329.5898871772815,16.069697980427357,23.870809474017683,0
112.04163179496881,564.2788209918059,475.76021576723974,25.083531096217463,30.090336697272363,0
110.27293304369593,357.71159812999616,304.31902260869435,24.641650887020827,29.086832371059334,1
163.69313221401953,433.1247587243901,374.3610189265143,25.299785033636496,20.07308895445216,1
136.99350753999772,842.6644262969305,258.0703691526494,14.552839799386204,16.90422046831307,1
146.35403790638662,378.37254859583226,320.7109753744023,10.00885187510597,6.34120112752094,0
163.2426804984982,574.3884843982459,44.75678590554898,23.7467460777411,19.58712252811391,1
180.20096152716192,639.9856538749655,134.65187461250503,13.538823390877647,8.133040755274257,0
80.83912823327645,686.3557337992572,187.30801567051796,5.503265892103036,36.71828382461092,0
87.60493147518993,607.8067759178027,241.52174395319165,25.64922058684423,10.441546774729499,1
36.91674917135642,305.373966080551,32.367885296168026,26.476796303170417,2.9282652642266926,0
124.09042537931131,479.5537195341956,78.61180780112566,13.989292684205104,27.618306890861717,0
26.469609283413575,584.7414038615913,145.63901081773983,2.270991819293624,29.76148663597008,0
103.80764326384283,348.32657452965833,486.0510185415148,11.634782697507937,43.59565306402528,0
117.67603424736379,492.8448121650494,172.36003348049488,24.1061297838781,28.849080620884095,1
71.5774253830912,318.2617098352516,246.20011847492043,27.05322085638686,17.274042686172287,1
126.34998690242193,343.2181734352614,106.08787924181254,6.104182274927875,40.150594076316025,0
25.490044989028895,518.3078019108779,309.28223482712644,2.0092083607581457,27.013944659371052,0
26.722673974858594,372.9936647236832,147.5347756028274,26.32051359398516,3.964014231559587,1
168.06810091873848,612.147466543857,111.42636343482913,11.68214816936626,28.292528015662334,1
84.83431545402732,679.2057330254961,263.12058793852975,16.252828928026897,45.40092727108312,1
42.870892277339266,740.3226845099955,12.697841588606202,29.04197436152277,19.815631274911027,0
114.00378680986479,410.08263433464555,13.75537599812041,1.9969418374266856,14.816290094990004,1
158.59883955774995,392.11542024248837,117.34371645991031,19.449540223562867,7.173472850901002,1
58.84778494943177,357.51231218392013,27.99346762540236,2.2231626772460125,7.572276096767866,0
132.12028564742005,650.0366372490003,62.93261952403878,11.26406785399501,21.638574217090945,1
35.36254369887824,688.5616495677957,176.04171817598828,24.114436355803402,29.783991208076475,1
29.302709810349384,317.3723796541031,403.2669829941083,13.004166982669032,4.0307702584800875,0
115.64383368226665,814.9167354340294,290.30383525095743,29.915470617088513,46.978429451258286,1
117.31432188981917,328.5842060083098,261.20718571864404,16.771778548398064,37.75668087225979,0
134.7373822696772,597.7129844155888,153.8095233719796,9.634864579078604,29.331195914183134,0
150.6964400700791,689.983285698004,466.55932252208004,6.603339777142594,41.42193354694954,0
195.65337430325624,779.0330180603471,204.53737020622393,10.515616028584855,4.009337840605665,1
112.93406269421516,692.7478126728353,52.67545572992803,11.175998212786524,23.84194388665622,1
78.13216512942427,740.9504456883856,312.3625928977226,2.0614103317188293,31.50465634308317,0
163.13351505836667,486.6976058985433,65.78081280353469,11.087225982803195,41.43264530591446,0
68.74980522717337,748.1538125605817,179.15933997282912,13.927155592176748,39.17347800246338,0
99.01485572701449,344.06316551157136,258.63184997172635,21.68213256716414,13.853462485669981,1
34.12214864160787,792.1491608332901,438.36903709573613,19.70188454164824,47.04400847796021,0
24.563133814782354,601.175806884555,251.83782436665814,21.262969656874628,6.217292071543517,0
193.27671464202652,749.5137734793716,354.1067953555155,0.25091045630571296,43.75668093105761,0
170.47642169219705,548.7750564850651,496.4802511095445,6.530021987416081,48.547012480230926,0
145.27535709686563,653.9677323580887,74.42966875001099,19.850528651995695,8.857676161131279,1
93.61152999456858,589.5214635148623,144.61844750456456,14.519681045392414,36.10330321018927,1
51.192977612752244,702.3742369654326,203.34227704284675,0.15940427005037838,2.014275938899923,0
48.15866768079549,344.8964901168243,216.69580748402737,24.13483927295467,20.271141256957748,1
65.04372166962716,333.19364619481007,211.40032688011743,23.184287198710123,25.8141649598837,0
118.86079964710169,435.90677870558056,454.72939125271193,16.45257488980688,29.032261295481703,1
148.62726608601122,387.7495740622536,359.87599578875967,1.9938997732881636,46.79686241242798,0
138.83552780919163,779.480961625711,307.87355490444486,22.99545148597754,33.61253436470973,1
70.38810145026972,420.5676930469244,161.59263175276322,17.51140763194092,24.06389756096185,0
191.87575051937495,836.7258907005222,413.6572882684344,23.458799314738776,40.48375181329447,1
152.82144500523833,485.2926854741088,477.97965062764456,22.55240977187521,47.526641047720446,0
119.78372945205213,400.1648536287846,412.387158449611,24.090062158735115,1.1033074341145421,1
130.10973432218339,734.3341789283636,10.766901543821723,15.540241992138744,49.126063612801936,1
95.52801123700219,662.2892765254819,321.8366713898694,4.20973554580545,4.3066069531840165,1
64.59157811020835,574.0076440492264,35.056336906629355,20.13472420139066,40.71933896343807,0
84.07508215722709,605.4499530156972,136.2275379635237,18.614213551559118,14.016737627570624,1
156.41229988358643,695.5609780497451,39.167103170408126,22.267595615972617,6.608982887693587,1
22.590827953356055,425.6501077322143,305.8597719452,5.096430181522059,21.992781985691746,1
40.89307529124493,847.983653831208,346.42905761137735,5.849255997008677,32.19782897238068,1
28.280475563915495,836.1362391807307,66.09894265229352,26.712285516579854,19.04759225117375,0
27.331184417414626,657.6791274908153,198.08105269203995,22.499333953562125,2.728270414134948,0
173.9829051219813,409.7483480110298,233.55588938821558,27.24685466100969,29.97305698293583,1
146.65841468840426,674.1255333372103,190.83598066284912,22.76145963491762,45.120163805533736,0
105.35128923571854,339.7091249385467,69.3022502377446,17.914659179709055,19.160768297362583,0
37.61014891718027,316.85887621319335,215.28441719186296,19.62398211083621,10.816638881541351,1
108.49085752102982,441.72558868116755,378.0772434261249,26.6738377182003,22.12886729664077,0
105.22491874050182,554.442626206624,44.793755621295176,17.364202635358215,2.4181355524390433,0
51.17633658380274,777.5498779746092,49.28820690013269,18.97173972985162,41.02437922401374,1
98.09329686283515,699.9429883714695,183.83793299963227,4.694301480108018,41.317040547509336,1
91.73085219152722,708.4885866599896,471.44559869327327,14.217636603483081,29.400023171481422,0
130.85301764939896,534.0213339464415,337.60059689422786,21.49191335874297,17.655144446919476,0
134.3168571561759,490.26424590082956,342.54827876955676,8.128280949490962,39.989168222289166,1
28.154721758968012,504.0713196415315,187.34079551055385,6.067625415736048,27.73435123941836,1
87.43027063276482,843.2072600548319,300.8937876921838,9.414804246732466,41.29661542750081,0
132.65478482856255,322.06005527686534,14.964280173594256,7.245018839785003,31.57293962915103,0
110.56452654441578,776.8673228673467,321.6870627406757,6.447379111091875,39.22027366063986,0
174.16817141389802,618.2714747148163,457.510604312356,12.745525286042609,29.928149660888,0
138.56485369141012,541.2384805542747,310.1609994889614,27.23515541650602,20.70705341078331,1
49.328196874657344,698.8917132283251,438.11231079850904,15.211789402161548,47.89729299630688,0
32.70237453207737,567.6679177835865,364.746797178386,5.637611424459691,27.05569124394224,0
135.6354700771368,780.3827809449133,69.07362403780823,2.309150081426222,30.25447592702692,1
24.772035897491925,795.3860252061922,452.20212057006245,20.884684354137757,11.024381970737462,1
125.4396046292234,531.9465097804004,42.55748373432969,11.483962933091634,31.282539471363823,0
189.24144345649236,452.25528847927836,271.64406154840424,24.654928397560777,28.580382474147193,0
123.58535201765821,625.7926807263492,79.64719065879426,19.785323059223106,9.241919897351247,1
89.87058671717395,801.79984008918,15.736239258142993,23.887243516241057,2.979354867657186,1
135.79187931962358,415.8642039531166,216.7967874625431,8.158381182553462,30.217965985738555,1
102.485520288473,642.6316209599156,154.56994675053656,20.770767673831745,38.18461346751603,0
118.21102207686829,647.3581210508863,248.14024196082548,7.921859540811563,26.17006854610041,0
189.46366557977453,703.2121623284045,292.8279444999299,28.172054383508748,11.338631265982285,1
89.49847480413936,372.3622268199929,31.432145431384207,19.09122844600123,33.326098834651745,0
193.01430148830457,693.7037305751487,70.27161461063537,9.735354005260263,4.0052863304801125,1
182.96311555209147,799.9678863661026,283.73477426070843,8.085355868768179,22.091685240097732,1
55.24240426207336,398.82570987863306,178.15200305460255,5.727797552149305,8.16833791992101,0
32.48503415752978,430.64882870813267,367.2950088992295,20.839228766811832,9.222952552994169,1
38.140040247936795,834.2673017229017,329.62290781005044,6.561468389937819,10.114697457910182,1
23.27992861727895,399.53732399021936,424.34613786505435,17.85909797782467,19.335352852198895,0
36.99973293606711,769.9118013532685,349.3214850679204,7.9390508077607205,2.5575102810198813,1
142.94121921494423,570.7528210464191,220.66622792117258,19.85906834381606,19.88967204645491,0
32.81395672284122,435.9770909217474,339.7536449732719,24.448191856216177,25.585372355735043,0
77.41561345287704,778.9124456998813,144.93677538515507,23.340757294339596,24.164714248316262,0
172.07755597450182,544.917890251466,160.0936144013242,22.82553992792345,19.139205020152026,0
24.188948432448655,583.1495446613296,396.6027283611887,5.631672170767562,41.957330403537625,0
166.60432686600845,497.5783531698711,228.74556303677525,2.651548409535561,7.266334621025205,0
70.73385945921198,626.1229682892101,401.20636685399273,20.96846485462157,25.2848371890687,1
41.26966897189813,389.93812992176254,412.9869630974564,11.05041641383054,3.102070847827715,1
145.4126897655471,515.0948451584684,430.20554545402905,12.970386792100419,3.5577839438954872,0
133.2097124203791,833.1767772844081,459.1512655621916,0.9344727838017319,28.693292483854815,1
177.94496243486952,441.97338798562015,221.18275805151515,7.787293478251476,28.30092124439105,1
152.31278788469945,661.2051654977107,166.24474097735802,1.0102921162339207,43.90167564222285,0
164.62656746927274,478.8545353235822,295.2773858311158,26.375573178037428,27.89368378300366,0
70.76622306283517,725.4102191276304,191.8744874844375,7.301900496555914,47.98955102024251,0
51.93911788035011,371.98051339509243,304.52634173211413,16.72011508719024,2.434742419996488,0
155.1106552953545,833.4015747931996,355.73707269547407,1.1693796198339124,4.900384239037053,0
165.23025306810752,549.5842477610016,347.31845906114705,20.00542173916974,2.20329307851907,0
198.2909255601212,429.82775484055514,193.53091463985947,9.690820372622817,9.263842516677002,1
94.27118184405677,340.423211031507,91.76149883238888,26.937575608729976,27.063505547083906,0
86.96325544270097,393.36684779814743,220.9593758464817,26.643545668021076,32.2786090713714,0
159.75433293355943,585.8756717058097,79.87113060013527,9.758718550852434,2.27925789743344,0
81.34463724554321,485.3517470372075,446.1475472400661,27.028826870714038,47.298544492279966,0
187.53631860864164,755.8858512354352,179.47995576155014,29.884730204963365,42.10826883251905,1
174.51429533174212,536.9881380139933,85.68527613942865,24.76246992371844,14.830624107854657,1
97.21892492750331,436.79284992319646,22.46940235381793,25.34614043265687,3.859376511323398,1
155.15679220246952,639.4297426322165,326.45296928037726,7.470262083272697,8.494353660952864,1
155.81771733524283,688.7274692869952,322.0821355528242,17.30107196573269,6.347220687748633,0
38.56229639046787,391.8730493455224,176.89604162483292,2.0176774190210356,6.164188964947343,1
182.459523202322,392.1905689585747,45.13882553534899,2.8475381046500914,25.928084433286696,0
110.94542704061429,320.16928481344866,210.71815849866368,29.966778360998717,12.292372124670015,0
168.7623438993935,705.0211082861023,162.49657258106285,9.799177482777328,17.906985826457223,1
77.60892818551011,665.0924901919927,341.7891134701546,22.44551736146539,49.475266669216126,1
181.1941811293161,561.0469816623977,306.8318322318183,24.199951590804496,34.21571244626724,0
90.05630217214936,764.2937469330584,188.6509268167946,25.740698130216877,47.44903335235007,0
21.950777266453706,743.1185841225292,116.76735158494515,29.928848922064695,7.127827751655779,1
182.96875575546747,621.9449004182137,494.13762341624,7.2448945577060355,19.106973741628465,1
36.43160182150404,777.5492042822923,232.4607943860963,1.2105248057909912,27.736590164117715,0
77.47645476627468,413.2126655202226,347.25437553231615,12.335745539837578,3.837903094436901,0
191.01115406914488,361.5557906687503,78.87095411339678,3.9024200948684085,0.20937218139789326,1
191.1092864487601,448.3622863343443,247.93895283310493,0.6727766748616537,33.521716689845874,0
123.2188198621915,331.39777084912316,23.49299273603809,10.812804814244583,32.09097584007176,1
133.73069819056388,592.1432404005676,257.67300777612047,23.512147532257092,20.53944049998059,1
100.72019395609756,815.1331307622288,482.36852948767415,16.985420736752125,24.48220380160163,1
72.77793890565161,321.6389473676803,198.26128936304212,9.383339676310621,20.77215002960448,0
79.15961816658486,367.16045270551473,29.108046161706678,19.630260164781593,1.2002522422444428,1
141.0533220938669,548.7094655558894,25.168337550478327,6.960545409264322,16.768580310873123,0
155.4274152987824,813.6312596403477,200.11351237396605,0.43144338216255074,8.854112769864491,1
162.48422787065275,473.88585773721275,88.41221886696508,22.93060159309282,4.921209455068437,1
162.1312657030197,578.9791447786158,21.442527200811096,18.712292545920274,47.83602169446749,1
36.417098548764265,322.86507247771567,380.54467083558666,22.8690787350288,29.967986252108282,0
108.99565484646466,381.5887605291489,234.67627435212643,1.1681405006299683,36.432814211830134,0
30.360576802995972,842.6465676273658,151.72993826660073,25.113588834919565,15.768187163305875,1
118.9151988182724,830.8152830398251,451.0407596780756,18.5857860010891,19.65735647470076,0
99.47549024720786,302.7169895139253,66.90809049825755,16.901860521379206,11.846199694836173,0
179.78675289649397,823.4964819827815,478.4002261881064,18.738421443435946,4.848283548271237,1
83.16470225937417,651.5159657985253,163.84369151490287,25.932997406050923,8.95158187207919,0
41.072062956969056,777.3550619860122,445.3177994312538,17.608095196767213,39.87570226482429,0
45.738502769510454,550.1069205986225,305.4420094749361,17.42851139664538,33.87729025918879,0
157.071913709145,583.5778157185877,415.08660627332887,29.720374711972973,27.346443799273846,1
131.279251396927,568.8656191413061,492.1664499731275,22.70190501205704,23.754493643338403,0
38.20208170210225,666.7753416503574,151.3186645311854,13.268814163534058,46.12171418280622,1
35.139225100699534,376.8081901159721,480.95638784972056,21.221910000987833,3.6367473889334203,0
146.17444366264158,316.4854744299729,200.84612850218596,11.676914150753655,14.030040661895798,0
33.097341145554836,469.361467875155,198.90083332109194,6.86626387450497,17.4968926785357,1
167.93481067226412,687.5744195051557,176.78968108470778,17.905556306632782,39.12129061063939,0
147.12360088816934,411.0193986676216,275.2897276003167,27.845462943418543,49.62573100809857,1
34.64278051554196,670.3878383287044,85.53107115745868,27.874185600463882,12.033525737857653,0
35.270788535334546,833.4516253589987,281.3186278254255,10.25715834316471,43.71536670685403,0
197.5951241302116,351.64539368418014,275.43535808090195,15.83032398665085,41.53113802158956,1
87.36874323610166,669.9311650238194,383.3318881763863,6.349076957095836,11.23286988208833,1
86.71558647204037,544.0626206175141,418.48848134941693,29.868933284966502,19.966629009961128,0
166.30392210635046,777.478239907628,225.8162616530878,29.43353723603807,20.483643464625956,1
190.50474392909456,397.43238419606223,158.14329218223193,19.48526789122342,48.91103342632792,1
197.48019148811676,680.9442737243905,137.0740996853763,24.1324217903242,9.044595068944917,1
155.6080733466095,760.9634093064606,105.36567998538725,21.453004838511,39.957898555239105,0
87.72672539556484,819.5378207107128,38.24731527752219,17.794746571184046,16.709635708655497,1
35.03012900576038,675.7864155593052,177.79950962900955,1.6004399096669308,36.54351728880802,1
159.88644486693863,573.446120204635,142.4213691440838,13.642930276579833,21.000550214783143,1
120.51276495244491,639.8159821106676,483.5445190745396,20.243589065022316,28.917988155827,1
96.35996166445572,777.897741463295,283.27732486252154,20.32594841651054,41.63058866630656,1
183.14378931705247,613.8353606513563,180.1657491249487,11.193678552671507,40.20827824919421,1
40.01554681510724,316.71288283326027,294.429124486911,28.250759599740917,43.321159176985006,0
108.67251877235465,812.0217825288378,78.2063836593908,5.02071096710343,2.980866267232951,1
22.043656058135433,679.2397130673587,227.58143710907942,15.010783386466818,34.602527651987245,0
104.35891555894273,672.0823621774856,316.8548174963213,20.726519296524685,6.999368836088143,1
30.134589622730722,418.62133381874446,249.55993757830117,20.914074176754276,20.79092840092055,0
41.38722492825295,662.3870086279614,206.87161232061888,19.459168703064467,27.429420752734423,0
41.154724419878875,516.6254231097871,496.9857105608521,8.258646403555804,20.136974237341537,0
136.85785438089144,658.1781373728206,441.35423345297426,4.686197060598659,25.980583790150373,1
154.2880782677762,358.6261666693949,315.4689194981257,19.078209804801325,49.82631543993096,1
125.00637771748873,661.8149175316698,288.99490697931856,17.979063484183133,6.760865685642736,1
193.19105872541755,849.6775491738666,314.1236351140462,5.3806803086772295,33.77280226682128,1
87.47670431426673,326.51662137330584,108.64293283299229,21.1541743671169,19.800048319280762,0
71.42817553073493,837.4458013217245,203.61749419951613,13.655159752009693,6.650489945366439,0
176.34784307410285,523.7993783975788,29.335171116540664,20.032817748094587,7.936838168715477,0
60.247250933501476,778.9143976854925,243.01755836854505,25.12101239310452,47.46365531228084,0
193.38005709931002,730.3120162320504,276.08204613925494,5.091852857307694,43.9800748355881,1
22.18780544416694,611.8589435426672,121.5973706905727,0.5743460399051004,45.35209802075109,0
194.57818880737503,706.1470650882295,482.37413511110174,23.373077591873603,49.57663879136933,1
27.768784151103702,783.1835587157414,455.6327593592486,18.290922754578478,10.415769500425897,1
180.4057604656528,522.2771769080681,363.85018537339386,20.989187088663652,17.771966868203087,0
114.98619963553398,479.8682388597813,271.3594480950277,25.144649249659278,33.46095149624333,1
198.73366330147405,667.1763620599716,436.2848882273656,24.084328044735017,24.19012699303236,1
33.283381652371794,744.3152680676922,74.01964847349683,28.82760440786474,20.919476668916676,1
119.69377119223775,719.2568241271387,397.3497991946937,16.078052365563547,17.890562466779652,0
194.4744564114378,738.797506872249,71.16219884375568,14.654868979797161,29.68903159717261,0
114.15761195062679,539.5708231471132,399.16322464920864,12.056615996721902,28.7796714320041,1
133.29175486434724,749.8088188962619,145.1261084431649,4.610731285326136,8.072891703212004,0
145.2347640172311,366.1149804538346,439.77438469891257,17.178216986460672,23.586991875921953,1
101.81739165819918,599.4690038784672,472.58062597444496,8.310375729779363,27.673588810492493,0
132.96045441513144,303.16726327396685,82.91002500850666,27.639225366389265,28.514346936569524,0
125.17657614615804,478.52220644514864,236.71104648204283,17.495724128312926,10.50535964561759,0
182.20844188837802,501.5538441792688,490.6838152997157,17.785205415243304,37.11356961261434,0
28.180348461462415,517.8949803850904,246.86964362684185,10.6477398263103,1.2599547410534817,1
70.57337412660146,682.5069636794242,433.1382860321271,1.5596805593312246,17.741592777158132,0
191.07406713378057,513.7069556986902,298.4784458443467,0.9523129611896586,39.010632426781676,0
180.24748110036495,546.7814924423918,193.9116548806049,12.700054324595925,28.194646052770118,0
102.01821550142833,430.64927198088014,150.0339422076764,2.5369613429171354,13.058121625543013,1
131.6238676042766,505.28848539613705,109.57931463218276,18.205408666204175,34.74765596715238,0
69.92861293660388,424.9982949947333,383.2811137750716,26.429190169189724,28.36954720780367,0
53.861808750277035,340.257758072644,199.40484834328365,26.487444495561665,39.81218047281936,1
103.4657128891968,631.8967263597578,260.5249764783681,19.77136230396697,36.75125930949117,0
83.6034010446895,667.5170392052589,251.23948520057914,6.33695494418793,30.505396101811733,1
125.05810013315697,640.7196903052879,292.8667243242343,25.88990494076616,24.4088837655407,0
33.99223465369727,554.9217240903148,434.1328013560306,26.582803059396245,6.65910628337617,0
195.39106537990997,508.8821790985764,490.5622783558804,5.899607548588762,13.066650894269188,0
197.51793400632852,774.8335072645039,209.7162622011703,22.12278257312032,20.954973645854263,1
145.66910852355414,585.4949818249199,415.4842718320885,8.595586467813689,29.964964350319434,0
116.49734594194167,563.550032696352,384.61861938081165,24.07920937058789,25.68539276076524,1
75.714970931539,314.1031361935396,291.0291862132309,29.91713699710808,14.409226297976474,1
166.48310354725075,487.686305194386,478.4631003698472,0.9007801598817844,0.32321788948552754,0
143.25161105969826,509.1075903322214,108.23251260891736,26.92097597372796,24.811961095040697,1
49.27104908208044,519.3525294932953,63.53946305171449,18.678916007959742,14.281299428112154,1
183.96689320889163,619.0948030750328,428.44136380815684,29.201478574944634,36.730415035526754,1
168.0567037261704,593.4814006997831,225.18341015053667,13.950285525792829,1.1973132635241746,1
190.96398439254634,634.3478010363946,425.01473856145964,25.42163791714121,29.241390565289542,1
150.6295115099048,720.6857938481705,447.6142005457533,1.871822057948317,47.07371187530327,0
130.41473526844217,747.1421562938515,40.60422087334501,10.058371502348871,8.720463355574976,1
95.2837465323114,694.9676919245719,442.8977338631697,2.010496132536299,23.58247453752977,0
187.89112700372237,825.5380327752141,229.67633713101688,29.260294004372117,4.5710995908569085,0
175.8915001100735,310.02792047199887,260.1119196120738,24.5092172181551,31.28409561306763,0
28.139360619114093,407.67789212595034,317.030330435673,25.576422637379114,27.52658402981128,1
24.74605540950536,304.15958123797816,463.92747729774254,28.138956943016826,20.368276210641618,0
87.76340603804893,656.1110927850316,19.366886270584374,2.5531045835935604,26.06885107368706,0
165.89959954072992,793.9168019224928,243.65329947573036,11.567927775400001,44.82873292345051,0
197.70970327669,433.91526311696464,346.9838007909747,2.131046671320064,9.814715115553351,1
47.075040398635075,809.8689996379687,364.1264092721319,6.3237930465008585,1.1282255852673617,0
126.94352876338432,333.1470646592585,349.3408914531829,6.8809733111301705,43.083244234955046,0
88.56035419358388,813.9398147430329,75.87321340997971,14.07321633142736,28.855854119395325,0
194.58459160662858,493.39247798179895,156.7038383021238,8.056865023609278,44.53292277309212,0
171.58140616442756,355.7814556470691,185.77060745433658,3.029343204532833,29.84726117065863,0
170.89916684800482,567.229467552479,404.17423176295745,5.024732672823231,40.50805449798512,0
104.36476876309465,441.2271122462794,146.592337483131,4.418266906562728,21.483668167757397,1
94.66751042077973,456.68009607905753,113.24543229492956,29.192303937368948,37.49299656441344,0
69.21327294752712,469.00948070945765,479.14952932866714,22.778775207554208,45.6520733444928,1
30.147589397166882,741.6642438079649,14.34300970559976,29.032843958086858,28.606148186110314,1
175.65002772590958,596.53870217139,498.9322192841693,13.192214595237257,9.039257528118977,1
166.32218164341396,471.219234535802,341.64243644012384,8.351054449879697,13.439880751509909,0
199.9491811915035,635.6835808210051,415.94995673006736,23.9487959162756,9.93222884487029,1
199.39463067330297,693.8828708227564,154.36350420963464,9.787617541234404,12.342851379786646,0
119.97770700847295,449.9432004034436,17.01448605685939,8.981501211160449,15.32077246755182,0
158.41773473249188,527.4520058389434,371.55606409514974,6.975179766234936,27.756689337659424,1
190.05783137883705,367.03735133532115,418.7308525303311,3.8903693467270606,29.39958147319164,1
172.93653032193407,399.6321422440742,372.8333046572244,7.693891830502979,21.324987362093058,1
64.52265831377558,674.6148196807405,79.99664077741092,10.65959245421663,30.77103899104177,0
101.09794435581684,399.7910912325948,379.17968190591483,20.219826244371912,4.078746280568296,0
43.2486947272691,588.8398610168831,386.7721632327441,1.8769452665835473,4.389411852907998,0
191.72918490657003,689.9754439473379,332.6848526783269,6.3152081899602885,8.591473017882922,1
129.1114342011584,358.7823077021091,385.3968070698372,24.27070920875029,25.903874902017236,0
61.15570499062329,612.021720795897,424.5015054420887,4.407657707513123,10.699733934915677,0
140.9061231930542,441.1095310357501,310.66601597635463,10.279354395675647,14.164220174628866,0
131.26308328242123,829.6097813806689,53.41630984514274,25.939767655744202,20.015641808649704,1
84.46928924591128,565.9501056959587,248.9376267369333,4.64775933430328,40.59330620051899,1
40.44036659593323,743.2959023763369,48.04817398908648,2.482105068545697,0.6931067956430059,1
140.88317520670392,602.624598185944,209.6960852058911,14.536139852400325,32.46894101183112,1
113.65538616268279,323.8768930701505,209.48217967155753,9.072585338356092,33.44382655203427,1
159.01731051241507,648.2332565767123,42.34482362871837,16.902250934515624,39.93278901783183,1
113.62943020015881,823.2718382136613,180.92206164504486,24.114146714504255,46.63764695301566,1
173.39267005733723,630.8865010804822,64.38906840774428,4.114454644582295,1.0068924474644914,1
119.3432309794074,750.5538726847346,406.03525290451887,17.42097253662855,7.689185275660809,0
120.96883487636953,786.3135548416243,474.36713272259067,15.165262811695918,44.30856470279965,0
177.7976484785021,425.44387457191283,45.43507287638992,4.322363580395987,22.925928109350767,0
92.62691591823146,416.62466194952464,478.0064515729337,18.71995456586947,28.229531946673177,0
44.12274112111533,636.0395438680455,266.0625336750051,8.209212535823148,33.15136018615737,1
25.180881736401016,526.0656583936876,156.7871821973982,14.635029556320374,33.95333022478187,0
155.9247060212514,761.9237165766962,47.66241688532012,2.4681697283118567,46.58702016582541,1
131.65571924362365,795.0127178689061,255.30589135450472,13.787521716408692,49.847470870583486,0
146.73435825786024,494.38175861649495,399.31261680046686,9.19390404128461,36.00787304654701,0
58.33354907160393,430.2788074359651,356.47237386068207,24.67143633556063,14.36106046025754,0
44.54686560561856,729.289033384124,34.61074561734715,1.7093618099210484,43.98762011471718,1
22.618039820218748,451.14331955147486,45.72189933027272,12.558218247549899,2.4610457270380803,1
83.10576058518745,752.4378751825232,207.4079084899922,13.75294272394314,11.55404264372481,0
126.18518363383396,533.0560395068196,154.6923420834922,21.750182288973562,44.869285873185746,1
90.60392811795182,667.1524446103087,123.86831829746345,17.22862725270633,12.809575721967747,0
98.74548596427123,352.5444226090675,147.69220446526967,20.01637011582543,11.032552981087424,0
182.74856500887472,643.1226285721152,403.70654421547346,23.311478569552683,6.906264657012362,0
82.68598406419406,548.4722233054761,465.3217462796084,25.866089209745663,42.955587882345824,0
112.51810804876594,622.6346547465107,208.50032031850753,9.416264901674115,25.002912959554337,0
161.05754229340576,392.40781425967486,453.9943910449236,16.14068116091709,33.74466015270774,1
91.37770081782863,705.2805597193002,167.53289361146216,25.203242353175995,11.953319203751484,0
131.97560604101722,774.5383926487757,243.4541233084579,29.683533928951693,37.902021050560826,0
175.22546757441413,419.2068900499266,120.75420892983986,26.685579331312894,38.00027724810492,0
190.91371225837557,352.64300553608894,323.83326066616354,11.144017878731304,15.629901245415006,1
46.47322656722683,313.001222325485,489.70074643565636,5.854995516559512,20.53413165051414,0
186.785772529069,653.0843252437962,305.71161706125554,14.681776122197661,10.484513871510043,0
108.58093275431688,633.9017198488294,185.32890121563895,22.249243555081268,48.828051166145215,0
66.4839898938125,600.6835769927385,327.4305485353589,14.777072122598927,32.28012885292058,0
102.64443612288703,427.5709028637865,70.23113244803992,14.495425899410055,46.727194035775774,1
196.40586355138586,514.9982977480331,445.44294933004534,25.14691263245402,15.169277181456659,1
108.67125691871652,626.9619843523951,256.5111358821198,10.842113372015591,39.094545649844484,0
79.17528985175147,573.2217723725432,230.1813735994246,25.79384024434937,38.2929321942371,0
134.01215377701064,843.282036118188,297.0737463422244,12.204144028551706,34.582782593327074,1
63.22621138007475,375.0418639062032,316.1440927668072,9.846993170350181,48.28194876334002,1
33.65539905955951,682.3295047261765,45.17014505099139,13.61969733599097,19.677766805315777,1
43.19834994391686,522.3753224573607,344.4824383994672,22.873408760246054,6.535866179487865,0
43.048251012399035,535.5097882090881,128.5465233546095,3.780060835919828,33.58544296220304,0
47.34248483221298,694.6787711119969,359.836789928229,5.892576476160522,36.46549002386031,0
44.98889107689382,680.8398832284033,413.0420492482564,28.54334476989276,28.753028672940733,1
135.35745406457863,845.1907965362036,403.93966870073496,5.264748821440721,10.340894656669814,1
52.738415191846066,370.6168591997689,280.72547402986567,17.031819537931636,25.222797083467768,1
82.22011099829538,357.2603071612915,264.8832472322681,17.379433999858136,15.60948682845647,0
181.42191378308212,698.3863494208076,80.00922105631174,14.688733861507345,21.373326408334453,1
105.31309524731702,618.112804353525,389.9196136975364,19.34235745730456,32.260928792233194,0
140.1603929337849,450.78836660789324,142.99059641889005,6.8948017739285525,37.26073713454173,0
51.01757681629337,343.6806529439426,253.3807571807938,16.579868033302446,11.611234545067155,0
54.61202338556074,347.1120372780368,149.2943055344832,11.165197657406914,20.266268032347668,0
27.356350927966197,791.8049810652651,75.57589786984964,19.85001778887567,13.45807854958146,0
50.408311352989614,405.5270285953086,318.4832714769509,4.236706301194484,9.931580693093455,0
70.14626102575255,477.8543591635364,36.62269706322287,17.126322505184287,39.16936099979192,1
51.86188716981442,424.6610212248434,376.836164721838,5.558110661499711,45.46263472184962,1
35.966456076270006,495.2479682075655,165.61752967794718,8.359291893451092,18.511609284228836,0
41.714456798108145,338.18311351035135,10.065999572197807,6.561294009707497,37.56394621868834,1
102.94017824589064,585.4828849995488,260.4532782262426,5.485133396064513,44.849764468220556,0
57.14006931304265,337.1869099757182,32.95743517852553,24.77132854682001,42.30621052651158,0
85.56857498865358,740.1960793022988,145.32308333224074,8.57122702982671,9.140669426961296,0
110.61510875387424,428.54164505073817,356.41847885330094,27.81371345593348,47.81459407566807,0
144.27106915328574,597.0065530324808,40.71791459471427,29.097795760355726,18.833822021473125,1
27.07618517139781,784.0434981588021,421.27586125444117,17.13781409811292,16.962033058691816,1
163.8938718036277,657.9825529759569,11.871762102705723,4.290033679971792,3.1215663638890168,0
133.02207010836338,593.1267826032345,130.9436959089321,11.236447301387438,24.30868270524415,0
34.71662575079694,478.38356421345657,373.042987514515,23.93196790044642,5.450680782046435,1
177.2441523392199,483.15105218200887,164.97237336736032,11.021721860912114,12.426991046371299,1
185.75703209572637,668.2178253590046,59.92727015234663,2.6105165490836626,15.847131088364069,0
30.994032773875475,846.7766486716422,186.51462021220965,16.703547327845637,40.4413161745842,0
69.83797666649667,664.0115544171583,142.4927103284175,25.353625544881044,43.77443251979483,1
165.11623036275103,606.7808795535136,422.9288320586719,23.87779161430507,15.123315873073484,0
154.6867442690585,701.8577806315853,163.54047961672015,5.253694203910597,42.93490606222869,1
53.21378348414792,555.863086756045,396.57691117024353,20.182938432374,42.861546868489555,1
57.68287820060785,333.0782884304319,447.01735095726,6.615127903069413,38.232547519243674,0
86.68497850244876,609.2632487328503,222.57053559249948,6.546226036565167,7.334755700759077,0
107.21413733438384,826.6939064779591,455.87214048865206,26.222153199155553,34.51614234503645,0
131.28585887545327,396.4166182967128,194.8858464419645,7.490068582206905,47.25120322902844,1
86.40445512255903,679.5026899513662,482.398424080153,7.897420395540335,34.12702393835785,0
103.25624890396662,410.5135287624811,53.751867017530735,0.019601722838986646,16.580842455391696,0
154.5447688640762,594.7052264601947,346.63944058658893,26.12007102376553,25.028965871541565,1
26.60297652030762,353.1720473056958,251.96887982389504,23.77784439627404,32.28625216755268,0
65.43864998192373,547.7040149420018,199.94791467326706,18.81986805272034,25.52852043642518,1
148.40292545921943,715.8898308923854,320.02882058681445,22.50797291816527,5.997647086548491,0
181.13723078369588,491.16433833144015,354.88997490082227,4.5614570227347535,15.603202232601031,0
112.1019395808199,665.7014484679698,12.138002128651452,13.749707837627263,40.119801527681624,1
115.78042734775681,737.497478434351,91.80701348612737,10.536581620463426,43.07090230477587,1
39.29096204115969,809.9478007136989,359.39256481081617,2.8132957877104947,6.865001635778512,1
100.53422602822184,429.0531450204994,336.52885265332117,14.583914556447722,47.61933761993623,1
115.87110796190417,519.6237536951195,483.36327751305186,27.62218951027906,16.441130892430465,0
63.64469065425134,383.8288073317296,382.9085172228837,1.2017735715208344,33.115686936536,0
68.46378157088857,845.8659261871064,475.87862678835563,8.743827404813816,37.591257297834055,1
87.91114935883208,809.8505323583624,354.2448457520554,6.226228086171104,40.59731173189417,1
23.612815599990746,596.9764216543078,156.04558223332714,7.14439960997089,47.287485111296505,0
77.97424980497209,763.1183119070317,61.62881190291967,27.253036556381257,15.64597740144113,0
58.06064125937804,586.5268874996232,393.09369303901843,14.042071627028704,42.92532272757772,0
78.94952339202464,642.9721284015179,325.6331185231988,13.988982388194565,6.584345171810352,1
41.557183727465215,349.01843766380915,33.61114607271515,22.817269273658468,35.25204531767964,0
180.29491053318108,715.3987312732444,186.4247282914794,4.634766120147774,37.098886475699295,1
126.84664163972876,370.24241599937915,478.83190958730023,14.617960623001524,33.88616206006602,1
142.23841744600813,754.3371966388906,255.1965613979986,12.899556423631791,12.61573680675765,0
162.0508229493209,730.1154482187122,222.03727664965527,17.907320716399685,43.65215735076017,0
109.7195958072303,689.809583758637,234.27280652805405,29.986731097513157,8.44292316851975,1
35.64565185573626,319.8882092886192,112.35253476253023,23.083466822461414,2.681739576041542,0
116.6791775273386,466.7205957699307,190.66651372374966,11.935971090522816,35.87324953059561,0
125.63140124375825,444.7119134509636,191.20849543371654,24.82659156822141,23.773785761636685,1
154.1791053531794,498.07502410933546,35.653959891861476,5.121250899374406,42.454900997933805,1
97.69871832134228,348.2035107201112,386.10813797377995,0.9139105892688038,19.16985705291295,1
42.96445450320148,815.3268026670845,214.0871716329007,6.133451173928192,8.413929425385641,1
71.07966304377041,604.5912323918069,412.8681445400474,10.21234668342779,41.82210962349349,0
85.35481335175432,468.03837086191294,426.67052054874875,15.317422723786796,27.445481582003584,0
136.26510343968823,518.3398343908559,113.87708680234245,18.453874216235995,9.459789619517744,0
122.74009484040414,545.9613972776597,332.103206263363,27.318171516432653,36.01919992932229,0
84.09741066161233,630.3268833483395,241.41808403986104,15.29562028651373,25.555681924475028,1
197.57274478273635,583.6236852330737,441.2768015815277,15.038269338771881,30.215649112015992,1
129.0394674842397,805.6655852679296,115.71293279646252,1.507290294689464,23.044916910329093,0
62.70082251247901,573.3299155982066,342.12846815192165,1.0473465796867143,41.43544919090032,0
38.32084507167267,845.686908152822,307.79853990383407,16.53479885749116,41.47813578415249,0
47.51464505317976,768.2837267598027,154.69772401019807,13.145358397450336,35.46944109121931,0
64.27239110921147,414.6807828965347,76.93444278907458,25.17541184940896,5.270068869823113,0
48.92264718672002,811.827368054154,329.30348263386554,4.820387541355355,41.942693095203445,0
53.58206432923504,364.0015188370119,371.912754484842,0.7491498635114879,33.55064902664549,1
71.31713036489248,749.5973396701554,164.6573984440415,13.471163037903777,34.85120830021498,0
51.20724715305587,509.34281141211903,325.96797597093376,7.124356702567725,18.149142020193583,0
181.41777643275654,782.8858762447883,203.6141447296366,1.4884312001651234,43.963977807850334,1
34.4420742190956,777.4311795590977,359.47137280848267,21.73794860542887,36.26858001174288,0
114.41205012264584,743.2589700646917,107.61548469808602,3.347789998717424,5.629523326459723,1
93.87142885813907,734.5167399688837,446.20535129172544,18.24958500023315,20.388901720308134,0
196.82815104354916,467.57352650392244,150.83070226813408,8.431492505006675,44.319018098007085,1
40.16700239024942,344.5056056781887,190.21513400051492,5.204881510650661,2.3598350848689496,0
91.6140078282335,521.6390983208388,38.465056519371394,11.392545687579524,48.07083098210248,1
194.5046779895664,395.43848324257976,64.64098403742543,24.04337328668861,33.95812841597814,0
175.79128266091644,682.2230988963539,262.77233232904075,11.76280730713718,31.56879888216883,1
167.0729727708704,490.35484959578207,141.12041159670602,22.52308947633167,13.52796282439957,1
66.42250886808917,836.5856104729532,419.38531061367524,3.764588903974521,12.439589436958853,0
50.759765730211846,652.5346425399326,17.199760440927385,23.183142589952375,47.102910974429776,0
140.35577958639757,752.3643099988985,195.75608384924874,7.107999747199459,14.913622711706138,1
187.28767804296544,372.88857000801664,175.29931791685541,20.321793896666183,38.77526483594997,1
120.21732074250735,774.1079652499425,19.470539149624507,16.97344664522989,19.65608991035396,0
122.89028410458198,807.516454782367,70.94051551025001,27.87434151635062,6.962703539235199,1
70.39623685885115,567.8840553504148,212.68491071013128,11.61967553925942,0.5357648847679475,0
158.50872797454863,633.4391157630375,251.50364637924883,1.9849556650332134,27.21286685076254,1
53.66787474035421,720.6453904966475,208.10197615488585,0.5746645665375871,48.78894092744663,0
78.26226255276387,396.1612449932269,270.159462421926,24.805756829182595,18.456809690460226,1
96.57855895095501,576.4113420548933,301.61452070378397,15.742069129842966,17.859616699652243,1
111.3698681632019,519.2646652747721,14.862672352639459,23.257321555048478,17.204580892472105,0
63.633751834714445,380.50569568923703,237.4066281322169,7.032768000345441,26.027191865242923,0
40.670628453056636,502.1439322603423,482.11462803491827,10.352512365397011,22.033244171214676,0
129.91160763949387,337.49477016202144,264.3258172634789,0.9031161663395681,43.99573133635072,0
71.95349958324604,314.19654882221784,341.99571105488707,28.844769737223366,25.276039586174516,0
124.62287985607021,374.3414590351525,162.81329037927276,20.036037201024403,25.38789190942844,0
47.78528874935641,829.7133113740456,389.25577529485366,27.996152632779186,6.91857973602783,0
106.60521833386714,602.2412447422594,388.7315261192964,7.9648922228721695,49.136977045519295,1
115.86609785928546,831.202188634271,265.4350633505281,18.343908336769825,12.498644543441484,1
29.328236628036844,537.8738330815726,488.24677340681467,20.354999048779135,3.668203372980133,1
80.58877007490571,471.49887319689276,71.51960523370016,9.526491007727653,33.15731244876044,0
44.19464184901536,578.3780245621342,18.304355795894686,25.4432770504689,29.768318507843635,1
31.407494685098193,541.7314287481006,387.37752376097706,28.414843887007436,20.757282699637287,0
198.19284183019013,358.11557634395916,405.50621330879244,26.54565353088013,21.1096116940339,1
78.02369209545014,652.4544730796134,68.90154226908236,22.172009278181175,39.253196052321556,0
165.7774002538343,418.82100038027977,140.13558814971697,8.323940391748621,9.785632004982453,1
65.83531785747749,640.7733751938063,18.600658049648167,8.448481263168953,41.012665947244486,0
142.67049000030727,657.6106008189844,153.7212192824767,28.90080961338114,32.437355694750906,0
156.84101478014358,383.6136692207565,388.83951822014905,0.30853487807076085,20.94848868897622,1
127.21497330941197,333.7422949108675,263.8006585791637,21.481499197264334,22.90143082919343,0
104.88371393902851,729.4188723376419,180.56684065246117,21.187384876657866,12.83236035930479,1
94.13136454650834,552.8902330731261,192.15225450410185,18.680686228493922,37.60571663484874,0
82.79628797773915,331.9900875280117,10.663276600579396,29.703265382605974,25.643737115263388,0
187.31524596460866,847.176474443372,156.90225850696558,9.356383072911758,16.04272713749218,1
169.51149340179126,331.77930854800167,326.7647834025859,10.199155913797446,29.80250578804751,1
193.70484391997226,682.2693758722043,487.355277470015,2.3681820883966664,49.78672260256615,1
42.373500227398054,841.0234088948774,425.05980522211075,13.283944096312123,21.763113982827694,1
151.55614553665598,431.5490573187591,21.56153267630927,7.831455787045442,46.03457003893098,1
188.90128222778682,378.23715277795793,450.29469629067125,10.301601065329326,17.250841996228306,1
52.621951909818826,366.7617166823359,393.7672225163267,25.03715370766883,2.7366353462492943,0
31.96932812601995,466.8013311621776,392.3843005497804,28.064535405824873,10.212105318421443,0
153.40171687221064,355.57519605585566,234.41792191175003,5.571992160155569,20.93475716638421,1
123.40516037238415,680.6887379317725,205.02259354770638,11.175267946603975,10.981746429728451,1
171.52917981648898,334.26048897153447,158.4287071282644,27.858916863461822,0.011351910912776875,0
45.15902779273211,580.1821704823843,42.19048088763923,1.854253820676679,45.75007688737636,1
163.14811613478022,848.1832696191373,121.83532811191256,2.7708158433413557,42.19397056154645,1
56.29291760859402,747.6836482283104,130.83578113923207,4.883729676186881,37.11461157434736,1
49.45806971582681,638.370691027056,247.1977641579988,17.856385023806244,8.390729782301431,0
49.567843627578725,468.43949143263643,376.2477592323801,4.514168130179924,6.018178810499303,0
166.6234496416488,643.1427099604011,242.16681591499383,29.042291443522004,3.3802374736191574,1
139.735499725316,589.8728051514083,38.343780229108695,13.40143581775561,36.20145943864606,0
114.15177645844147,534.3458611397043,479.3170024842199,15.045538810504992,46.44039803439426,0
84.58948714223045,371.8907072071097,471.934916356115,7.399758474162194,21.526791045651848,0
177.89609734635948,787.6323183822567,394.7428761427201,14.128807573042005,5.957033599802408,0
90.64011933607436,547.3815568517274,495.7506717664681,19.857408979110346,25.61964103660533,0
166.98789910488387,407.0423815014208,276.7963430721288,22.535314108621282,17.441595372931506,1
99.04428354263932,502.2676429825093,481.756491624071,22.61604248129739,18.741246217499885,1
87.84999729648337,527.7713638909099,47.04646990220788,17.33673338082265,31.066531207785363,0
103.28236142052916,755.1458425617809,189.18356664807195,27.130793249815717,35.93590566311012,0
74.24801734954558,703.4879093087711,120.43682132331526,24.522235419183282,5.530179943658043,1
154.5696884317252,723.1176915027369,105.95821122579231,22.711443440958764,1.7795115403238193,0
110.48967021664625,306.067195435756,78.99344495741128,1.6681656504138187,49.71651513428574,0
61.79828512642712,528.8846989988688,314.9826843673384,0.20633886658947942,11.636417445777592,1
181.92342318942232,564.739283399428,392.8477093161795,6.373418315864189,2.6915262454229536,0
89.10041984717806,310.5557522526812,293.3662157159767,19.905707817403567,9.493766454795999,0
117.83951500051795,442.8972648097688,82.01172769822274,12.335924666476375,1.947892317423211,0
183.16497997361844,718.1594027171743,407.45064726740077,12.072187778979352,19.590544730858582,0
132.36283926451858,375.4103381509495,321.61780651022696,26.537606646888413,40.120089222566214,0
41.04164732750553,594.4205722989254,200.20119600222782,26.866885443955162,17.062222487886032,1
189.16978225042553,418.3610296094806,340.32384481267087,27.275257921607572,22.209170343918327,0
132.9874495528552,306.6664260541413,137.3534398289881,9.41634229545082,33.77933867837194,1
80.2830106382755,432.6608016797478,179.14418216216316,20.731674382177854,25.444703503494008,0
45.0689730794097,836.7305652005296,459.5680631346752,8.14899543823109,43.07228430106621,0
162.9245340686533,740.8454115356443,152.347207778996,5.718294992233494,43.301783752287825,1
131.61309606713243,827.7671543765683,240.29425139738893,5.538973720421076,0.49553477455768213,0
116.02299655573788,568.3197241594994,446.16915732404715,10.263228625907821,38.90231532415996,0
180.90066494917238,360.3549092726269,356.78346163108847,12.898728593394651,23.036680012083693,0
161.94749802041554,601.3777189355311,40.47958082070435,24.92847513165205,49.442027065183154,1
47.30147835189521,549.9075340079785,82.17849169669547,3.5967328041813627,24.161603793771757,0
76.10997220319868,764.3963955067888,13.842379478239241,22.047775421846826,49.344797269414876,0
64.72804516660383,353.9454194313345,319.15167721229005,15.94364742567916,37.72846806028683,0
153.91033266308185,568.532625361978,229.35997845110498,8.638360280279775,12.430244230665316,1
26.03583825244029,382.52676558169134,75.79467694211502,14.784587535984738,26.919748964347885,0
122.58014327683698,478.57175978953296,479.3877193178175,8.998262093310679,49.60678197392914,0
157.2425634333243,705.5463925632898,269.53326473335375,17.88245865714918,42.87653038759618,1
177.8178146171149,561.8099711528216,128.5277141153157,13.015317685657326,4.868344689561055,1
81.57471476886334,506.73855683017314,255.2957498658067,4.932165872366362,35.3185998404998,1
167.8263148409623,516.9619532135195,343.01396304020284,3.497492236670902,17.27897929354065,0
39.9137126519373,552.6957226232927,47.35721680704659,16.400870462163905,0.34911309401740587,0
172.36141251221326,731.7590991103813,144.60486937346707,27.072390998583103,20.17404845134998,0
42.94795921975684,790.6465789171289,405.4130905331569,10.318730596730566,11.737721086248564,1
91.51171230086611,825.4340775771606,235.23578649730402,21.990003216678698,40.94346352602358,0
163.51316584031966,732.7968624404123,277.8227995958245,19.75984064819301,16.866530442288273,1
46.985136922779276,473.473792661407,222.07984108263994,27.94664742928443,41.37618469769085,0
61.26525114187547,678.4740883475981,31.510971895072508,24.629430518974225,0.029896941739765426,0
150.00546231075194,540.6817182304655,91.2173921118764,16.99815776716389,15.390957501305957,1
149.60657657829339,440.06884212532816,228.31540298352655,19.71091494702322,12.058260715388098,0
135.40657391935352,762.4793686842575,112.50087804988463,26.951593997521044,11.67836805343055,1
144.910720004078,321.13449192927874,34.48972404324258,11.985563537608044,3.409330988273135,0
117.69039980256731,795.969095674483,423.38833538539365,9.803841175733321,9.356213520525086,1
65.3238306032515,553.8126055436038,490.78433929041677,0.3243325090558902,27.777478494280995,0
82.22527883070549,650.4608122445543,398.6400082584023,24.796532225743928,14.568053641887225,1
52.68758902425662,662.6446572131805,428.35461163528686,24.029421012100947,20.869739116457396,1
183.5211010400531,792.314757388595,128.56879385535223,3.1336355430045417,18.843344017359424,0
125.01052305790168,650.168325191964,480.7072180014679,17.305721433981006,43.795246249994726,1
92.15325501745518,637.663471618034,106.4935951821799,13.919450945006622,45.264949950525775,0
103.16104465594388,336.65862230837945,476.20060707729783,3.561272865273344,24.647848582793003,0
190.51100113012677,585.1244120698623,497.461454043316,29.417046811821706,16.50779751578022,1
47.60325256089443,382.5929504493729,358.7441748155639,6.440876623900663,5.340035200118182,0
125.5213697630235,705.5885727968171,490.76042857799274,2.0170254027168344,47.67014396910475,0
111.05996219920388,581.722056446971,289.0744919878808,17.845421385057286,3.0113472450148726,0
130.0617623782366,674.1252785645943,137.17547375628425,22.16600031399098,14.882513878414022,0
23.259833087751293,322.92009533131136,224.1279839761542,0.9733033814156089,14.903310058500207,0
176.98230360994728,346.63560882519175,300.8448583356051,19.761529161810664,16.020064307010745,0
187.78129084705023,693.9778634344752,45.80996539323735,15.968756278543633,8.214342163620463,1
121.72397304605761,339.6463847992703,314.9481996624506,3.0979502662514524,39.15807154618486,0
145.3971482978406,339.19120027089224,490.77714001352433,5.175716308390862,6.124893098299461,0
186.04988861191322,306.6596613791881,103.15274839402653,17.039228919482415,31.74533295765814,1
147.30295417641173,826.0757690647141,398.3716069813078,8.89072840539865,6.192301335290873,1
47.45702772456704,705.6295977024538,454.87040895201346,28.14947185953948,3.526781879647828,1
123.73190483002637,494.2882746761353,472.4137804819082,24.562206884521522,45.47147518429382,1
129.20870834891406,463.0945697082104,480.46644615866916,29.50701619540989,9.506438315935284,0
96.34352083442948,492.33677636021724,265.51522297352125,7.79012516851242,41.06250772798521,0
152.55996241245012,726.0594421496501,488.8808749158368,29.09170898393931,27.23154355535679,1
188.18606265842268,663.7538360887279,381.08200149587503,12.937016093746736,3.89282598043848,1
186.60233232321974,401.85756232710736,89.21900375611133,10.42556385941264,47.772409571903374,0
101.15108685274377,395.7601344337464,243.6810521693053,1.5104858090805973,12.348058349594627,0
40.38284825133594,354.1176073423685,361.98227593228194,1.5829577357880786,42.98226726763033,0
197.27141581322022,663.166495835736,131.19675475135085,20.76033767839964,8.44050028922821,1
171.00165556026815,720.4049642219547,323.9014399389548,13.737869833020838,42.69714410709264,0
42.43928261658803,445.7755355787522,336.6342347328434,6.795648781083171,0.6614406452646993,0
185.75153887112702,311.51972856700206,89.72287446619728,18.41910918975698,25.589022828474032,1
176.5813451711831,345.194417112035,286.8918031018506,7.585743547503335,38.472128971077844,1
113.39085028269298,832.3230191647667,388.0971863795178,17.32895263033268,46.739775874639164,1
126.42957843408726,462.49462761258116,254.45887562261154,10.77626240948071,45.460106810324355,1
91.82048669662345,723.0727313109735,15.930527220292639,24.706566798354572,40.98124347738224,0
29.857094987965638,643.5649628698451,14.428849848853167,24.62088482300338,44.4095674830652,0
80.33550349626216,510.06680180909274,184.94437854530597,14.32051194367204,9.960984291853825,0
164.51362074764205,413.1279942075553,463.8350935315732,10.524573280050468,14.209214785586438,0
20.833764140828514,366.76252998767353,122.0516220057683,10.876793896772837,14.448426246052925,0
80.02985090440595,638.2571324213766,320.83820754712673,24.171435770046536,18.85269655008494,0
91.6703648463698,726.0485793507834,118.81717663972708,9.84538448392836,19.666033519259436,0
116.73120852882612,654.1473394476218,167.61829493317882,6.271781211205381,27.227766232733774,1
185.57401095429688,591.666173287037,425.54062390472717,2.540650256259205,7.993988168322069,1
82.34227898587302,323.07317288739995,367.14210671227397,14.000793626532252,34.562333189299466,0
82.45157634132099,832.6688276769111,56.74564588347321,14.463962967595256,8.378326965225325,1
152.7502246597547,739.292805410016,220.06399028335247,25.227261312087215,15.515424105227376,1
101.3992293601653,461.0521201855306,24.293184186179587,6.637160893381919,25.167256530307704,0
60.42886812919675,838.9836811473679,245.6361718354744,11.429738210051998,39.822028076173865,0
101.4391129038848,631.0348742999772,334.59266573352335,24.252172166810727,36.97346166193636,0
45.35426366836397,620.3324620139856,68.06628556309425,24.708708322469207,32.276717820526116,0
51.749657571120196,711.4402486862427,151.55362006549117,11.538332279363047,7.788663029008508,1
109.70619909310635,746.4733834495756,204.9399464960569,13.773720698600426,27.352267280778886,0
95.40658091081862,661.0632340323265,460.5702020814644,9.098576725478488,4.3723250899942725,0
184.67226219225802,370.45266050141004,496.6949575572524,27.976646352579362,18.86815883983254,0
85.23090184099397,486.0471282969741,32.00653650785177,3.559312972247409,20.67582651449796,0
124.50590305004782,810.4460021793274,382.8938825127421,28.012482690044102,1.9905719722876913,1
133.80757182551548,423.53858651411855,192.1447925371482,20.515993555060298,13.699404973498591,0
22.357002185900054,504.6918631106323,202.30451125244522,15.947164580601935,47.78247336332447,0
139.4367269630079,537.6422856193078,379.5898369400411,0.9797718235348762,47.681630391484475,1
52.04647403655526,541.6727443319487,460.02895175125025,14.267885754660249,17.616352712626966,1
192.99265714450192,637.1167703719891,475.9550113062487,12.232443150081968,2.155005447416203,1
46.759290995560335,818.6917107595892,292.79006715877716,4.836564359253677,8.954746966409077,0
94.63234227086427,432.38099150787775,184.98936805724637,19.692288105019706,19.610889671677008,1
35.362940254155895,366.8257569655049,395.8990520708018,29.134527221048575,47.38898489846149,1
199.43736533227053,408.6087694229655,132.99067779852714,16.865664331935754,7.059953176859246,0
110.39510185962367,787.8086951150982,286.3962741284237,21.442598293318376,38.175792183410614,1
127.16930311760788,655.1959469603632,185.70344614718786,2.0535135769805035,5.434126968734604,0
32.073765929916945,457.24873408153803,331.7492261168593,12.530009874509842,49.06287886956384,1
154.992884671852,748.7708164327395,127.79546731781838,3.490754554934876,19.080824955456748,0
57.783006757205435,773.7534979998898,103.88054341006463,18.383875066095314,38.7617269449528,0
181.6497720993285,765.5828862796529,459.9371524709642,28.154464746424637,17.129554140556593,0
56.92513528676129,805.4095935017549,59.88380464527308,19.853331974149157,31.383443857940435,1
54.32378971945998,438.73256109534884,257.91937479011654,2.304091449432646,9.600804237001837,0
26.57894021265708,715.273060810453,118.21786365187437,10.639986149552485,7.301050964848127,1
104.97205011979986,553.296723500777,29.07568202957705,16.519901383225545,46.903206978406565,1
121.67140398727096,763.0992040895338,27.649220962798932,12.096232683997567,45.88236389522167,1
31.827555097103428,700.6698724388873,95.8586683318554,25.00932031425517,44.37344701064412,0
159.5949710051019,727.0460955748486,434.71747370794014,24.440130141299676,31.271672508329672,1
101.59199025464497,660.8890107245893,148.41458454874305,18.354930603096644,40.413410560813915,0
114.39024847896441,397.58582320833875,475.7249935818949,11.203738353981157,3.4518468455687454,1
99.33729444888107,599.764805393316,294.99492356470483,7.660091212897324,16.73945209453396,0
92.13735095755868,841.5683567384796,223.94095298669538,3.1762295463938797,15.68515623785781,0
120.73525963547922,815.5634365734154,294.2435289880328,10.646930504596622,31.78226609763066,1
47.94324426752825,323.74555468835644,263.18220876087116,12.395175516231586,17.797888673532025,0
52.7470634891488,390.6481486511904,381.80036434108933,20.27468775312221,7.42533908218404,1
175.1214117824331,372.4508254000091,148.42307232669762,19.744794728927204,29.823353770677187,0
190.3007831840539,699.2889504919126,182.99469188414815,2.1032441892377083,40.719196033454075,0
87.19567693035553,749.7819314213198,448.10620824129285,11.857779462934733,19.10617472299866,1
68.73404116583967,417.43125147086954,473.7636914436987,5.4533660165208575,6.613435754924085,1
135.91991778302284,578.218981123506,447.3535314683725,4.7043811595041705,9.834409865641152,0
93.57215079765736,762.38666540616,215.52951703908366,24.819064492117377,11.8741652584692,0
24.569544018862075,703.0408496214378,392.37909647337204,1.257456501487726,14.994879649726812,0
48.10746752591427,598.2304630205165,243.4045093175384,12.57548627706364,32.139753525315456,1
148.87500119253156,624.6912297523252,253.79452755159008,5.046109672995546,30.04727422688595,0
138.60630954382725,579.598300803954,110.29325343806914,26.37990647035422,34.80399307835196,0
24.877278650627026,463.6516482253513,299.6538485966731,16.711215398251053,18.125099226575657,0
59.9549891479309,610.7620960724589,101.20658989914048,6.941419091305441,41.199882593998915,0
61.59346338585285,678.8869161275499,172.46670254292493,15.072818614991291,10.204383057788014,1
140.94069384777112,780.3276037234442,428.96479879376824,21.944590791093475,23.452037375907697,0
23.547896795785547,649.9602446885865,111.46714651331907,28.743540267583015,40.046936077071514,1
38.73954475722329,718.6168453737369,44.86755973498208,6.613380127362568,9.007932386630962,0
163.9848953671741,388.03939922501513,43.81372038027999,26.585453163880352,5.493155687039147,1
52.13803916978005,553.8566109308845,470.9844150465229,28.029123425024707,44.18419838439949,0
137.49429941333744,305.1323909049013,258.39101460129893,27.492616335961987,17.146483137959795,0
62.87290058841077,435.67337548689267,210.61191519033898,19.062430705857295,34.1935062454516,0
37.89945069668213,699.5539433121527,407.33050469388,18.89461963304123,1.267430213196924,0
63.77099437990174,845.4954732421498,419.5547046761528,12.096318995514682,34.50234442047248,0
150.00804773401865,354.54795477296875,172.77360622664625,22.571936469113638,15.805065577348525,0
174.02536425913144,520.8218737237086,349.87284816215964,15.938820550527957,2.787042679372087,0
169.4395756220585,740.0390327845378,387.85017976742444,20.323142136848833,30.49063807740585,1
91.49303533132186,412.21959904589437,330.7788365643177,12.853737115463863,12.040190803658662,1
140.2553245827163,605.2967221162575,84.28158665204869,21.94489392129417,19.340362102594,1
56.89717317484777,703.1892128163211,439.18271092335794,24.734145528136473,4.029040614325679,1
72.76659144698239,638.7919976430985,274.1563308406443,4.393087698084484,7.358162554747266,0
181.34044733380156,403.41360403847887,148.4114889213018,24.98789146722684,14.898861774792188,1
22.340346231932486,495.4615127771567,218.36181086447002,16.208895953709217,4.487975028007857,0
35.39153555380425,731.0854814669685,28.409834295464616,25.33997727270673,45.54131323431576,0
57.41952592628492,604.8245827726091,72.6547325989846,12.939051190230439,0.3023521591989209,0
24.775796697287547,302.876287448602,385.1179077527718,11.371214561491051,24.19301094321557,0
52.658378316163514,718.5449180154517,10.005701030129408,27.451821975516673,6.1623729066275725,1
124.94748097454459,319.4212452171315,214.11725595632316,7.535078026452039,15.383954473897427,0
95.85641910664962,710.1535805021776,266.0299887319383,25.326369758584292,46.30297799091328,1
180.68090799385547,411.36430809088057,36.77086580047643,14.520617175282123,8.084727663699343,0
167.13984111291936,826.9404140656591,486.8082998564431,15.422863276537791,48.29161598591663,1
81.52712330561768,502.3674132161465,120.80141231233925,9.254048444684521,10.289718849471086,0
66.69621801763265,479.81238898594347,159.05737262177763,17.19126601857047,37.078305423341476,1
88.34463347010804,381.88842768284456,158.93183100496339,9.756335888286339,27.333863244865586,1
126.2530896526654,468.0823185196182,122.90416443750145,1.1780824272495694,44.22393637983796,0
68.25145534811773,782.1579190055104,10.722172822292594,8.159958160330682,27.699662775156547,0
132.3468034128441,847.983885694986,367.3789491031182,0.19137130219772036,26.727960957815434,0
93.69409739442328,502.57024177876656,483.7542949016498,29.3506436117057,9.772900018419994,1
119.36849255335645,546.7358470249984,119.90380680967208,28.972416294592424,8.311468102582936,1
98.502775244357,697.1390160115054,334.89312398367696,11.85465892416915,45.82445755577571,1
73.00383671754518,787.407679255791,373.5292002097704,21.85112563018938,16.391909942501705,0
190.7215952531882,626.1743838027312,425.7284357543571,10.374182952312749,18.604112748144797,0
157.44904294875695,515.3391339978061,217.08830653666848,20.132794712579283,37.99118292141942,1
45.22037163796146,526.9420124667431,158.43614376381032,24.162901291379374,16.941174121140367,0
176.3242356616243,682.5899805732438,169.39461567128524,28.402687340767223,47.60312233195014,1
107.73761568491246,301.7700449823533,359.1844532182713,12.00636827549016,36.89638844994001,0
181.01940084093644,640.7741356029123,410.22193858776166,23.49893948868143,29.871462128671,1
163.97394607051675,495.5211557427466,98.9908442007353,7.977853518963563,44.04475802723763,0
96.53843080446202,736.8085322023963,191.76109399730495,29.70996911380945,2.480295417474138,1
24.044475497621132,351.1448519027227,451.9506964070835,0.7730879629305343,12.853134609460437,0
68.36192468929029,623.5112468216148,405.2798246504222,18.10586419503363,23.251816711045496,0
117.49415863895605,564.535089437368,492.58061735361315,19.785179449539815,11.34892697357605,0
134.0260795687065,653.2790392478751,379.5816472442196,20.641366712223864,37.195259365107596,0
66.41978337797642,335.6694769656326,202.66564850368192,3.61162736367267,45.96040155268626,0
45.08409333310834,618.9910830854722,299.4125386573725,28.155893504193912,21.18850599654617,1
170.28744262387383,608.8165233777381,333.8969845811869,5.435498371502484,17.10663000559475,1
197.1923925266394,608.363051928894,48.44334999539073,18.682602097195232,48.07753660687831,1
114.62423281448345,631.9182166280501,276.8035099608939,6.680282373692549,22.242621641377042,0
50.902271452694634,672.0573654744992,357.56720595157867,9.216492510638126,24.45242002246416,0
69.01531877348641,742.7439498244233,91.98743896051958,16.39375625184373,17.582493617095267,0
23.31032177854401,448.4013960705179,392.509541538523,12.515802556937295,45.477423650606916,0
184.57378518088981,753.7771755990341,296.0486624519147,4.806768029295188,28.447774164092536,1
41.195194920225404,574.0406252448995,476.5886749918214,5.128092072625448,38.10872935908223,0
123.77296559256564,342.3820535238821,30.78692612137693,12.54434364488399,40.590335917544316,1
69.32993972369708,332.2030110841886,140.0098074021788,22.71848934826502,17.09245209586291,0
119.75204045284282,483.83107528283347,304.7614008569138,26.938939405433658,21.684716566019002,1
137.25566990333556,731.6933374113071,155.31435698090604,2.523829867781485,42.423588720313234,1
169.35352466729628,689.2245141075036,360.06784039490867,11.793117226782032,18.16276758379051,0
57.155828916908575,733.7382305698236,381.9125884357462,3.007366911686299,39.696756672592564,0
21.979249158526486,584.4979810428852,60.23282239257248,0.4977744189779365,47.04961612872186,0
44.63941341238531,542.1094488755198,261.78868746131616,19.8515604793187,31.16051865340035,1
182.00335553265893,381.09888968845615,259.3563722396174,18.073483258997634,37.08136437259444,1
177.30021396125275,480.50601448512134,190.94757740561514,4.890573414446586,40.254865602056746,0
127.5343583906555,538.7106513956314,467.1331826591393,7.014384992791923,42.25198244483212,0
128.0930348780576,348.7302363237895,415.4780967378784,0.7112326093355514,19.752666892839798,1
139.706601418326,421.3365739911662,351.632597135722,25.048416170832112,2.5631729587999086,1
51.56683015222093,629.0239117350563,360.0200515101488,29.240717881456543,20.093813561836978,0
184.59415026649276,704.6147128315545,236.24091046842835,4.063786103840724,33.68781148920449,0
95.37869448057316,849.0911312661223,461.2873153373222,6.944256412958944,22.51751928903964,1
88.96493508490954,813.2123322389567,350.35175935410984,26.052285718408022,37.448157543019924,0
113.40518695091076,653.4108597443553,367.2007202113501,27.793913938685545,17.849121473433193,1
28.453874019509907,531.6864293117396,432.22854285579916,12.58882148420431,31.737207055201477,0
49.931006376094295,649.897550589528,144.29507877767358,1.5186741680722238,9.320990242698729,0
152.84605095674667,732.1083899441276,405.4647428946845,1.181755010784582,37.46847183224784,0
34.90376022652276,365.08490500786303,105.6678954486811,17.218495982070312,27.284798440651294,0
128.56737970394988,525.4476893329586,179.21755659999505,11.78685326679537,10.20321942733003,0
64.16283974263777,761.8912570995894,174.44912259222292,0.8595728273296355,14.595558674890363,1
90.07321052755577,511.1081235631742,489.47747951067885,17.4975717693767,37.43043542909162,0
71.96487261872598,614.5297491749526,429.70323963648417,0.33907609767067415,24.130061783076034,0
84.02108896369084,623.2731484742089,353.57323217922726,23.62115874447819,10.80157201965361,0
149.42826293316418,401.46193922350164,366.2578131915412,9.192984681101148,48.36355951851488,0
73.4819088121715,499.22949290875863,285.4156692572598,1.207740090276963,35.75625099084439,1
121.95283525344149,483.98120880806266,474.07442688317434,17.650566629494598,47.85674162698981,0
105.68907239583794,314.40818969263563,253.16678891235716,11.93053243299164,21.35525226801716,0
139.46080976527668,313.3054701402454,196.45367783624832,29.214012400714484,23.755017034586025,0
188.62935307845643,757.4333740216754,89.8873150964796,16.325959875111067,44.89776080925096,1
151.86297749784507,450.1889454850468,395.2407696079184,8.257175431110248,26.252467012269232,0
58.68926814633622,584.9433214313485,369.8775267170398,21.28316593901924,35.36394559528336,0
25.61296431103124,464.2990654738252,198.3339688768261,8.14476007628134,12.608643874776499,1
67.20752797396852,817.3735848134373,22.344772840022387,27.12729874222695,22.336323435132027,0
127.11402752604587,442.61321737617556,421.1086905818253,11.241659115221292,6.172493290517755,1
29.256646427165062,536.3112470064143,15.594811892496079,16.49605688328616,10.299001793848085,1
109.34592449622254,780.0016377665311,354.81289201823495,1.5171931147268658,0.04717076338155435,0
127.43171280504006,763.0634617354947,485.42598376576797,12.783637138566924,1.9632525824330116,0
80.16390034705294,402.35577981545254,224.4540507926197,24.970906189829847,48.86419115884647,0
158.76419667424796,741.4538203876407,125.13696844801686,24.169464160900258,12.117684756838115,1
39.187685564078926,552.002787705841,355.38679492125704,6.729556765605787,33.165535475200095,0
33.524800712445575,565.6328796469454,410.39278958763674,6.7823721303168805,41.95498493998058,1
151.0739761166486,373.41398482876906,277.75085487814516,24.519159366397105,27.533022961828213,1
109.18843691711572,344.33083256641856,483.8472848755116,27.911952605079765,7.65722500419781,1
143.9124313569925,700.3666188355709,35.31767361240094,2.8608276381901065,36.40582186680832,0
98.26892094867432,573.0536337954148,257.3498431692188,13.501759182786758,30.012570504979152,0
64.35236598303922,540.2678864383488,362.0424341880495,10.12362836892687,36.562529467368755,0
167.43841718135596,701.2295257588182,432.6938308630977,26.12065366372318,38.48733114285436,0
163.89485821441627,721.0320944451104,97.83524983481712,2.505747440400563,48.770518384237256,1
145.04536475379683,387.3994922181445,402.0017060642039,6.333778276741122,28.6781640013355,0
68.9861247013933,635.6238322127027,280.8264671020872,22.57405012759483,17.082055634530093,1
126.24152003643567,374.44474525272705,204.31130417508197,1.5388154694364675,32.42322784501185,0
84.97530144920482,713.2562973159752,74.54036400375584,14.776061421428677,3.4220354621313067,1
36.484773198794144,661.3253359469268,433.9949218653671,13.2632110403916,44.86986591607931,0
185.1164435832037,826.1380415959019,87.06387200806053,10.03203536966246,5.969050566909839,1
44.62735356541305,337.92690899603167,161.79605101245863,11.837169459567713,16.392141894290912,0
191.04272368774443,331.38009663318985,152.12231066159407,15.898217607906988,40.787269031306046,0
100.28103913243203,455.2028910812601,436.9928767535186,4.841020751651493,29.865618916535592,1
